name_en,name_zh,city,address,cuisine,languages,evidence,confidence
Koi Palace - Milpitas,鯉魚門,Milpitas,"768 Barber Ln, Milpitas, CA 95035",Cantonese dim sum/seafood,普通话/粤语,Official site uses Chinese name 鯉魚門 + bilingual menus (臻選菜單/特色餐單); HK-style banquet chain,高
HL Peninsula Restaurant - Milpitas,半島豪庭,Milpitas,"136 Ranch Dr, Milpitas, CA 95035",Cantonese dim sum/seafood,普通话/粤语,"HK-style dim sum chain; menu items in Chinese (潮式粉果, 酥皮流沙包); Chinese-name reviews",中
Mayflower Seafood Restaurant,五月花海鮮酒家,Milpitas,"428 Barber Ln, Milpitas, CA 95035",Cantonese dim sum/seafood,普通话/粤语,"Long-running Cantonese seafood/dim sum house in Milpitas Square; Chinese menu (蝦餃, 芝麻球)",中
Golden Sun Palace,香港樓,Milpitas,"1678 N Milpitas Blvd, Milpitas, CA 95035",Hong Kong-style dim sum,粤语/普通话,"Listed under Chinese name 香港樓; bilingual menu (豉汁凤爪, 香港楼虾饺)",高
Cheung Hing Restaurant,祥興,Milpitas,"1235 E Calaveras Blvd, Milpitas, CA 95035",Cantonese BBQ/dim sum,粤语/普通话,Cantonese roast-meat house; reviews: 'Authentic Cantonese food'; Chinese menu (珍珠糯米鸡),中
New Hwong Kok Restaurant,新旺角,Milpitas,"1705 N Milpitas Blvd, Milpitas, CA 95035",Cantonese dim sum/BBQ deli,粤语/普通话,HK-style dim sum deli (Ulferts Center); listing notes 'popular among native Chinese customers',中
Ocean Pearl Restaurant,,Milpitas,"206 Barber Ct, Milpitas, CA 95035",Cantonese,粤语/普通话,Cantonese-style Chinese restaurant in Milpitas Square,中
Yin Ji Chang Fen - Milpitas,银记肠粉,Milpitas,"1832 N Milpitas Blvd, Milpitas, CA 95035",Cantonese rice-noodle rolls,粤语/普通话,Guangzhou chang fen chain (mainland brand); Chinese-owned,中
The Rice House,,Milpitas,"678 Barber Ln, Milpitas, CA 95035",Cantonese claypot rice,粤语/普通话,"Claypot rice; Chinese dish names (北菇滑鸡煲仔饭, 金牌臘味煲仔飯)",中
Hui Lau Shan,许留山,Milpitas,"288 Barber Ct, Milpitas, CA 95035",Hong Kong desserts,粤语/普通话,HK dessert chain branch in Milpitas Square,中
Jin Gege & Yao Yao,,Milpitas,"516 Barber Ln, Milpitas, CA 95035","HK-style/Cantonese, Sichuan, Shanghai",普通话/粤语,HK-style Chinese; iPad ordering with Chinese-English translation noted by reviewer,中
China Rose,,Milpitas,"387 Jacklin Rd Suite 3225, Milpitas, CA 95035",Cantonese/Shanghai,普通话/粤语,Family-run Chinese; owner accommodates low-salt/no-MSG requests; reviewer 'born and raised in China' regular,中
Darda Seafood Restaurant,清真達達海鮮館,Milpitas,"296 Barber Ct, Milpitas, CA 95035",Chinese Islamic (halal) northern,普通话,Long-standing Hui/halal Chinese restaurant; 'Islamic Chinese decorations',中
Mala Town,自选麻辣烫,Milpitas,"438 Barber Ln, Milpitas, CA 95035",Sichuan malatang,普通话,Listed with Chinese name 自选麻辣烫; mainland-style malatang,高
YGF Malatang,杨国福麻辣烫,Milpitas,"540 Barber Ln, Milpitas, CA 95035",Malatang,普通话,Branch of mainland Chinese chain 杨国福,中
Shancheng Lameizi,山城辣妹子,Milpitas,"286 Barber Ct, Milpitas, CA 95035",Chongqing/Sichuan hot pot,普通话,Chongqing hot pot; Chinese menu (辣妹九宫格),中
Tasty Pot,味鼎,Milpitas,"222 Barber Ct, Milpitas, CA 95035",Taiwanese individual hot pot,普通话,Listed as '味鼎 - 風靡灣區的小火鍋'; Taiwanese chain; Chinese menu (台式臭臭锅),高
Yin Tang Spicy Hot Pot,,Milpitas,"278 Barber Ct, Milpitas, CA 95035",Sichuan hot pot,普通话,Traditional Sichuan hot pot; reviewer says it eased homesickness on China business trip; few reviews,低
Liu Roast Fish,老劉家烤鱼烤串,Milpitas,"550 Barber Ln, Milpitas, CA 95035",Sichuan grilled fish/skewers,普通话,Listed with Chinese name 老劉家烤鱼烤串,高
Chili Garden,,Milpitas,"278 Barber Ct, Milpitas, CA 95035",Sichuan,普通话,Sichuan; Chinese menu (山城麻辣海鲜锅); 'the owner is genuinely so nice',中
Home Eat,汉家宴,Milpitas,"605 Great Mall Dr, Milpitas, CA 95035",Sichuan/Chinese (Great Mall food court),普通话,Chinese name 汉家宴 on social page; Sichuan dishes,高
Kusan Bazaar | Silk Road Grill & Noodles,龟兹集市,Milpitas,"510 Barber Ln, Milpitas, CA 95035",Uyghur/Xinjiang,普通话,Listed with Chinese name 龟兹集市 (维吾尔餐厅); reviewer from Henan,高
DH Noodles & Grill,敦煌兰州牛肉拉面,Milpitas,"496 Barber Ln, Milpitas, CA 95035",Lanzhou beef noodle,普通话,Listed with Chinese name 敦煌兰州牛肉拉面,高
Highland Noodles,,Milpitas,"1720 N Milpitas Blvd, Milpitas, CA 95035",Lanzhou/Northwest noodles,普通话,Chinese menu (兰州牛肉拉面); Ulferts Center,中
Special Noodle,四姐,Milpitas,"402 Barber Ln, Milpitas, CA 95035",Chinese noodles/dumplings,普通话,"四姐 Special Noodle chain; Chinese menu (四姐冰花煎饺, 红汤牛肉面)",中
Xian Kitchen,,Milpitas,"300 Barber Ct, Milpitas, CA 95035",Xi'an/Shaanxi,普通话,Xi'an food; reviews cite 大盘鸡 and biangbiang面,中
Taste Good Beijing Cuisine,,Milpitas,"76 S Abel St, Milpitas, CA 95035",Beijing/northern,普通话,Beijing-style; Chinese menu (京酱肉丝),中
Yuan Bistro,,Milpitas,"42 Dixon Rd, Milpitas, CA 95035",Northern/Northeastern & Hunan,普通话,Dongbei/northern Chinese; Chinese menu (湘味木盆啤酒鸭),中
Hometown Kitchen,,Milpitas,"1245 Jacklin Rd, Milpitas, CA 95035",Hunan,普通话,Hunan (Xiang) cuisine; Chinese menu (蒸手工湖南烧麦),中
Shanghai Delight,,Milpitas,"218 Barber Ct, Milpitas, CA 95035",Shanghainese,普通话,Shanghai-style; Chinese menu (鱼香茄子),中
More Than Bento,,Milpitas,"682 Barber Ln, Milpitas, CA 95035",Shanghainese snacks/wontons,普通话,"Shanghai-style desserts & wontons; Chinese menu (香卤鸭脖, 卤汁花生)",中
Mr. Hello Luosifen,,Milpitas,"190 Ranch Dr, Milpitas, CA 95035",Guangxi luosifen,普通话,Guangxi luosifen/laoyou noodles (mainland regional),中
Jun Bistro,,Milpitas,"290 Barber Ct, Milpitas, CA 95035",Yunnan,普通话,Yunnan mushroom hot pot; Chinese menu (菌子一锅鲜),中
Hanson's Pastry,老宅门面食坊,Milpitas,"1726 N Milpitas Blvd, Milpitas, CA 95035",Northern Chinese bakery/buns,普通话,Listed as 'Hanson's Pastry since 2011老宅门面食坊',高
Taiwan Cafe,,Milpitas,"568 N Abel St, Milpitas, CA 95035",Taiwanese,普通话,"Taiwanese street food; Chinese menu (五更腸旺, 肉羹麵, 萬巒豬腳)",中
Taiwan Porridge,,Milpitas,"1706 N Milpitas Blvd, Milpitas, CA 95035",Taiwanese porridge,普通话,Taiwanese congee & small plates; Chinese menu (腸旺),中
The Bento Box,,Milpitas,"228 Barber Ct, Milpitas, CA 95035",Taiwanese bento,普通话,"'Authentic Taiwanese food', friendly owner",中
Shihlin Taiwan Street Snacks,士林台湾小吃,Milpitas,"522 Barber Ln, Milpitas, CA 95035",Taiwanese snacks,普通话,"Taiwanese chain; Chinese menu (鹽酥雞, 超大雞腿排)",中
Shihlin Taiwan Street Snacks (Great Mall),士林台湾小吃,Milpitas,"447 Great Mall Dr (Food Court Entry #4), Milpitas, CA 95035",Taiwanese snacks,普通话,Great Mall food-court branch of Taiwanese chain,低
Orange Square Milpitas,,Milpitas,"1790 Milmont Dr, Milpitas, CA 95035",Taiwanese,普通话,Categorized Taiwanese (beef brisket square); no Chinese-language evidence found,低
Luu New Tung Kee Noodle,,Milpitas,"481 E Calaveras Blvd, Milpitas, CA 95035",Chiu Chow/Vietnamese-Chinese noodles,粤语/潮州话,Teochew-Vietnamese Chinese noodle house (Tung Kee lineage); inferred,低
TK Noodle,,Milpitas,"1687 N Milpitas Blvd, Milpitas, CA 95035",Teochew/Vietnamese-Chinese noodles,粤语/潮州话,Chinese-Vietnamese noodle soup; inferred,低
Asiana Restaurant,,Milpitas,"775 E Capitol Ave, Milpitas, CA 95035",Chinese-Vietnamese,粤语,Chinese-Vietnamese cuisine; inferred,低
