可信度,直接证据,城市,区域,英文名,中文名,地址,菜系,语言,依据
高,是,Los Altos,,Charley Noodle & Grill (Charley's),,"244 State St, Los Altos, CA 94022",Asian fusion/noodles,普通话,Review: 'she is bilingual speaking both english and chinese 服务员可以说英文和中文'
高,是,San Jose,West SJ (Saratoga Ave/Westgate),Hunan Mifen,小香牛骨米粉,"471 Saratoga Ave, San Jose, CA 95129",Hunan rice noodles,普通话,Review summary on restaurantji: menu mainly in Chinese and 'no one speaks English'; Chinese name on signage/listing
高,是,Sunnyvale,,Sifu Wong Kitchen,御景閣,"1219 Wildwood Ave, Sunnyvale, CA 94089",Cantonese dim sum/seafood,普通话/粤语,Yelp search snippet tags it 'Speaks Mandarin'; HK-trained chef; website uses Chinese name; Chinese-language Google review
高,,Cupertino,,BZZ Claypot,煲仔正,"10869 N Wolfe Rd, Cupertino, CA 95014 (Cupertino Village)",Hong Kong/Cantonese claypot rice,普通话/粤语,Chinese name on listing; reviews compare it to Guangzhou claypot rice; HK/Cantonese-style spot
高,,Cupertino,,DX Braised Chicken Rice,鼎香黄焖鸡,"20803 Stevens Creek Blvd Ste 110, Cupertino, CA 95014",Shandong braised chicken rice,普通话,Chinese name on listing; reviews call it Northwestern-style Chinese classic
高,,Cupertino,,Dainty Cuisine,珍味美食,"10445 S De Anza Blvd Unit 106, Cupertino, CA 95014 (EatUp! by 99 Ranch)",Shanghai buns/Chinese breakfast,普通话,"Chinese name on listing; 99 Ranch food court; Shanghai pan-fried buns, rice balls"
高,,Cupertino,,Duan Chun Zhen Noodle House,段純貞,"10118 Bandley Dr Ste H, Cupertino, CA 95014",Taiwanese beef noodles,普通话,Taiwanese beef-noodle chain; reviews written in Chinese (手工拉面不错...)
高,,Cupertino,,Easterly,眷湘,"10495 S De Anza Blvd Ste C, Cupertino, CA 95014",Hunan,普通话,"Chinese name on listing; menu items listed in Chinese (干煸四季豆, 农家土鸡汤...)"
高,,Cupertino,,Haidilao Hot Pot,海底捞火锅,"19409 Stevens Creek Blvd #100, Cupertino, CA 95014",Sichuan hot pot,普通话,China-based chain (海底捞); Chinese name on OSM listing
高,,Cupertino,,Happy Lamb Hot Pot,快乐小羊,"19062 Stevens Creek Blvd, Cupertino, CA 95014",Mongolian lamb hot pot,普通话,China-based chain; Chinese name on listing
高,,Cupertino,,Home Eat,汉家宴,"20588 Stevens Creek Blvd, Cupertino, CA 95014",Chinese homestyle + hot pot,普通话,Chinese name on listing; Chinese deli section and dry pots
高,,Cupertino,,Jade Xiang Yue,湘粵情,"10911 N Wolfe Rd, Cupertino, CA 95014 (Cupertino Village)",Hunan + Cantonese,普通话/粤语,Chinese name on listing; Hunan/Cantonese menu
高,,Cupertino,,Koi Palace Contempo,尚品鲤鱼门,"19369 Stevens Creek Blvd #100, Cupertino, CA 95014",Modern Cantonese/dim sum,普通话/粤语,Own website is bilingual Chinese (鲤鱼门集团); Cantonese group
高,,Cupertino,,Local Cafe,老街坊茶餐廳,"20956 Homestead Rd Ste H, Cupertino, CA 95014",Hong Kong cafe (cha chaan teng),普通话/粤语,Own website is in Chinese with a 香港粵語 option; HK-style menu
高,,Cupertino,,Mian Sichuan Noodles,滋味小麵,"19389 Stevens Creek Blvd, Cupertino, CA 95014 (Main Street)",Sichuan noodles,普通话,Chinese name on listing; Sichuan noodle chain; QR-code ordering
高,,Cupertino,,Mingkee Deli,西關明記腸粉,"20956 Homestead Rd Ste G, Cupertino, CA 95014",Cantonese rice-noodle rolls/congee,普通话/粤语,Own website uses the Chinese name 西關明記腸粉 (Guangzhou Xiguan style) plus a Traditional Chinese option
高,,Cupertino,,Nutrition Restaurant,,"10935 N Wolfe Rd, Cupertino, CA 95014 (Cupertino Village)",Northern Chinese/Taiwanese,普通话,"Review summary: having a friend who speaks Chinese helps with ordering (iPad menu), so staff mostly speak Chinese"
高,,Cupertino,,Ox 9 Lanzhou Handpulled Noodles,九牛兰州拉面,"10745 S De Anza Blvd, Cupertino, CA 95014",Lanzhou beef noodles,普通话,Chinese name on OSM; ordering site offers 简体中文
高,,Cupertino,,Royal Cuisine,御食坊,"10477 S De Anza Blvd, Cupertino, CA 95014",Northern/Northeastern Chinese,普通话,"Chinese name; reviews quote Chinese dish names (東北扣肉, 冬瓜燉排骨)"
高,,Cupertino,,TLT & Grill,汤司令烧烤,"20371 Stevens Creek Blvd, Cupertino, CA 95014",Chinese BBQ skewers,普通话,Chinese name on listing; one review is written in Chinese
高,,Cupertino,,YGF Malatang,杨国福麻辣烫,"19672 Stevens Creek Blvd, Cupertino, CA 95014",Malatang,普通话,China-based chain (Yang Guo Fu); review mentions Chinese items (油条) and staff
高,,Cupertino,,Yu Noodle,愚小面,"10893 N Wolfe Rd, Cupertino, CA 95014 (Cupertino Village)",Sichuan noodles,普通话,"Chinese name on listing; reviews say run by a married couple of Sichuan head chefs, next to 99 Ranch"
高,,Los Altos,,Noodle Talk,福牛堂湘味馆,"4546 El Camino Real #A6, Los Altos, CA 94022",Hunan noodles,普通话,湾区华人资讯网中文商家目录收录中文店名
高,,Milpitas,,DH Noodles & Grill,敦煌兰州牛肉拉面,"496 Barber Ln, Milpitas, CA 95035",Lanzhou beef noodle,普通话,Listed with Chinese name 敦煌兰州牛肉拉面
高,,Milpitas,,Golden Sun Palace,香港樓,"1678 N Milpitas Blvd, Milpitas, CA 95035",Hong Kong-style dim sum,普通话/粤语,"Listed under Chinese name 香港樓; bilingual menu (豉汁凤爪, 香港楼虾饺)"
高,,Milpitas,,Hanson's Pastry,老宅门面食坊,"1726 N Milpitas Blvd, Milpitas, CA 95035",Northern Chinese bakery/buns,普通话,Listed as 'Hanson's Pastry since 2011老宅门面食坊'
高,,Milpitas,,Home Eat,汉家宴,"605 Great Mall Dr, Milpitas, CA 95035",Sichuan/Chinese (Great Mall food court),普通话,Chinese name 汉家宴 on social page; Sichuan dishes
高,,Milpitas,,Koi Palace - Milpitas,鯉魚門,"768 Barber Ln, Milpitas, CA 95035",Cantonese dim sum/seafood,普通话/粤语,Official site uses Chinese name 鯉魚門 + bilingual menus (臻選菜單/特色餐單); HK-style banquet chain
高,,Milpitas,,Kusan Bazaar | Silk Road Grill & Noodles,龟兹集市,"510 Barber Ln, Milpitas, CA 95035",Uyghur/Xinjiang,普通话,Listed with Chinese name 龟兹集市 (维吾尔餐厅); reviewer from Henan
高,,Milpitas,,Liu Roast Fish,老劉家烤鱼烤串,"550 Barber Ln, Milpitas, CA 95035",Sichuan grilled fish/skewers,普通话,Listed with Chinese name 老劉家烤鱼烤串
高,,Milpitas,,Mala Town,自选麻辣烫,"438 Barber Ln, Milpitas, CA 95035",Sichuan malatang,普通话,Listed with Chinese name 自选麻辣烫; mainland-style malatang
高,,Milpitas,,Tasty Pot,味鼎,"222 Barber Ct, Milpitas, CA 95035",Taiwanese individual hot pot,普通话,Listed as '味鼎 - 風靡灣區的小火鍋'; Taiwanese chain; Chinese menu (台式臭臭锅)
高,,Mountain View,,Four Seasons Tea House Hot Pot,四季茶馆火锅,"134 Castro St, Mountain View, CA 94041",Hot pot,普通话,湾区华人资讯网中文商家目录收录中文店名
高,,Mountain View,,Hunan Szechuan Cuisine,川湘小馆,"1350 Grant Rd #8, Mountain View, CA 94040",Hunan/Sichuan,普通话,湾区华人资讯网中文商家目录收录中文店名
高,,Mountain View,,Kirin Chinese Fusion,麒麟阁,"485 Castro St, Mountain View, CA 94041",Cantonese/Chinese,普通话/粤语,湾区华人资讯网中文商家目录收录中文店名; reviews call it Cantonese style
高,,Mountain View,,Mifen101,幺零幺（原花溪王）,"841 Villa St, Mountain View, CA 94041",Guizhou rice noodles,普通话,湾区华人资讯网中文商家目录收录中文店名
高,,Mountain View,,Queen House Chinese Restaurant,元宝之家,"273 Castro St, Mountain View, CA 94041",Taiwanese/Chinese,普通话,湾区华人资讯网中文商家目录收录中文店名
高,,Mountain View,,Zhangliang Malatang,张亮麻辣烫,"246 Castro St, Mountain View, CA 94041",Malatang (China chain),普通话,China-based chain; Chinese name in directory
高,,Palo Alto,,Da Sichuan Bistro,大四川,"3781 El Camino Real, Palo Alto, CA 94306",Sichuan,普通话,湾区华人资讯网中文商家目录收录中文店名
高,,Palo Alto,,Dumpling City,水饺之城,"3487 El Camino Real, Palo Alto, CA 94306",Dumplings/Shanghainese,普通话,Chinese name on listing
高,,Palo Alto,,Hong Kong Restaurant,香港小馆,"3691 El Camino Real, Palo Alto, CA 94306",HK Cantonese,普通话/粤语,湾区华人资讯网中文商家目录收录中文店名; reviews: authentic HK-style
高,,Palo Alto,,Imperial Treasure,宝藏,"151 California Ave Unit E, Palo Alto, CA 94306",Cantonese fine dining,普通话/粤语,湾区华人资讯网中文商家目录收录中文店名; Singapore Cantonese group
高,,Palo Alto,,Taste,乡味居,"423 University Ave, Palo Alto, CA 94301",Sichuan,普通话,湾区华人资讯网中文商家目录收录中文店名
高,,San Jose,North San Jose,Boiling Point,沸點,"1698 Hostetter Rd, San Jose, CA 95131",Taiwanese hot pot,普通话,Taiwanese-founded chain with Chinese branding; in 99 Ranch plaza
高,,San Jose,South SJ (Blossom Valley/Almaden),Duan's Kitchen,段純貞,"925 Blossom Hill Rd #1605 (Westfield Oakridge), San Jose, CA 95123",Taiwanese beef noodle,普通话,Taiwan-origin beef noodle brand; Chinese name on listing (restaurantguru)
高,,San Jose,West SJ (De Anza/Westgate),Liuyishou Hot Pot,刘一手火锅,"1199 S De Anza Blvd Ste 10, San Jose, CA 95129",Chongqing hot pot,普通话,Chongqing-based chain; listed as '刘一手(圣何塞)' with Chinese name
高,,San Jose,Berryessa,Mr. SiuMai,,"2070 N Capitol Ave, San Jose, CA 95132",Hong Kong-style dim sum (self-serve),粤语,Review summary says owners are from Hong Kong; HK-style dim sum
高,,San Jose,West SJ (De Anza/Westgate),Tasty Pot (De Anza),味鼎,"1183 S De Anza Blvd Ste 30, San Jose, CA 95129",Taiwanese individual hot pot,普通话,"Chinese-language feature (Epoch Times 2019, '湾区火锅味鼎'); Taiwanese-style chain"
高,,San Jose,East SJ (Story Rd/Senter),Tasty Pot (Story Rd),味鼎,"1143 Story Rd Ste 100, San Jose, CA 95122",Taiwanese individual hot pot,普通话,Same chain as above (味鼎); Chinese-language media coverage
高,,Santa Clara,,Bafang Dumpling,八方云集,"2702 Augustine Dr #110, Santa Clara, CA 95054",Taiwanese dumplings (chain),普通话,湾区华人资讯网中文商家目录收录中文店名; Taiwan chain
高,,Santa Clara,,China Stix,状元楼,"2110 El Camino Real, Santa Clara, CA 95050",Chinese/Taiwanese,普通话,湾区华人资讯网中文商家目录收录中文店名
高,,Santa Clara,,Dumpling Capital,水饺之都,"5075 Stevens Creek Blvd Ste 10, Santa Clara, CA 95051",Dumplings/Shanghainese,普通话,Chinese name on listing
高,,Santa Clara,,Easterly Santa Clara,眷湘,"3927 Rivermark Plaza, Santa Clara, CA 95054",Hunan,普通话,湾区华人资讯网中文商家目录收录中文店名 (Cupertino branch)
高,,Santa Clara,,Sizzling Pot House,鼎香砂锅馆,"2725 El Camino Real #101, Santa Clara, CA 95051",Chinese claypot,普通话,湾区华人资讯网中文商家目录收录中文店名
高,,Santa Clara,,Taichi Pot,太极锅,"2640 Homestead Rd, Santa Clara, CA 95051",Taiwanese mala shabu,普通话,湾区华人资讯网中文商家目录收录中文店名
高,,Santa Clara,,Tarim Garden Xinjiang Cuisine,塔里木新疆菜,"2135 El Camino Real, Santa Clara, CA 95050",Xinjiang/Halal,普通话,湾区华人资讯网中文商家目录收录中文店名
高,,Sunnyvale,,Asian Street Eatery,食街,"1146 W El Camino Real, Sunnyvale, CA 94087",Chinese street food/dim sum,普通话/粤语,湾区华人资讯网中文商家目录收录中文店名
高,,Sunnyvale,,Dragon Valley Express,旺龍谷(东北地道家常饭),"623 Caliente Dr, Sunnyvale, CA 94085",Dongbei home-style,普通话,湾区华人资讯网中文商家目录收录中文店名; Chinese name on listing
高,,Sunnyvale,,Dumpling Depot,水饺家园,"562 S Murphy Ave, Sunnyvale, CA 94086",Northern dumplings/XLB,普通话,Official website has Chinese-language menu (中文); 湾区华人资讯网中文商家目录收录中文店名
高,,Sunnyvale,,Epic Dumpling,一品香水饺,"673 Grape Ave, Sunnyvale, CA 94087",Dumplings,普通话,Chinese name on listing; 湾区华人资讯网中文商家目录收录中文店名
高,,Sunnyvale,,Fashion Wok,食尚湾,"101 S Murphy Ave, Sunnyvale, CA 94086",Hunan/Sichuan/hot pot,普通话,湾区华人资讯网中文商家目录收录中文店名
高,,Sunnyvale,,Feng Hotpot,冯校长老火锅,"1669 Hollenbeck Ave, Sunnyvale, CA 94087",Chongqing hot pot,普通话,湾区华人资讯网中文商家目录收录中文店名; Chinese-brand Chongqing hot pot
高,,Sunnyvale,,Hunan House,一屋饭湘x香锅大王,"122 S Sunnyvale Ave, Sunnyvale, CA 94086",Hunan,普通话,湾区华人资讯网中文商家目录收录中文店名
高,,Sunnyvale,,Hunan Mifen Sunnyvale,小香牛骨米粉,"592 E El Camino Real, Sunnyvale, CA 94087",Hunan rice noodles,普通话,Chinese name in business listing
高,,Sunnyvale,,Jin Jin Gourmet,津津有味,"927 E Arques Ave #131, Sunnyvale, CA 94085",Shanghainese/Chinese,普通话,湾区华人资讯网中文商家目录收录中文店名
高,,Sunnyvale,,Lee & Bai Chinese Bao Shop,李与白包子铺,"1661 Hollenbeck Ave, Sunnyvale, CA 94087",Northern Chinese buns,普通话,湾区华人资讯网中文商家目录收录中文店名; mainland-style bao shop
高,,Sunnyvale,,Ming Tasty,凤凰名粥,"1129 N Lawrence Expy, Sunnyvale, CA 94089",Cantonese/HK congee & dim sum,普通话/粤语,湾区华人资讯网中文商家目录收录中文店名; HK-style congee house; reviews say 'genuine' South China/HK setting
高,,Sunnyvale,,Xiang Xiang Noodle,乡香面,"1115 Tasman Dr, Sunnyvale, CA 94089",Hand-pulled noodles,普通话,湾区华人资讯网中文商家目录收录中文店名
高,,Sunnyvale,,Xiaoman Riceburrito,小满饭团,"573 E El Camino Real, Sunnyvale, CA 94087",Taiwanese rice rolls,普通话,湾区华人资讯网中文商家目录收录中文店名
中,,Cupertino,,Apple Green Bistro,,"10885 N Wolfe Rd, Cupertino, CA 95014 (Cupertino Village)",Sichuan/Chinese,普通话,In Cupertino Village; a review from a Chinese family calls it their favorite; Sichuan boiled fish etc.
中,,Cupertino,,Bento Corner,,"10118A Bandley Dr, Cupertino, CA 95014",Taiwanese/Chinese takeout bento,普通话,Menu items in Chinese (滷肉拌麵); Chinese takeout
中,,Cupertino,,Grandma's Kitchen,,"19541 Richwood Dr, Cupertino, CA 95014",Hunan,普通话,Hunan home cooking; owner described as welcoming; several reviews appear translated from Chinese
中,,Cupertino,,Hui Lau Shan,許留山,"19620 Stevens Creek Blvd Ste 190, Cupertino, CA 95014",Hong Kong desserts,普通话/粤语,Hong Kong dessert brand; Chinese name
中,,Cupertino,,Joy Dumpling,,"10895 S Blaney Ave, Cupertino, CA 95014",Taiwanese dumplings/noodles,普通话,"Taiwanese XLB/beef noodle house; a review compares it with Chinese-named dumpling houses (松滿湯包, 勝鮮湯包)"
中,,Cupertino,,Joy Square,,"10851 N Wolfe Rd, Cupertino, CA 95014 (Cupertino Village)",Sichuan,普通话,"Review: 'Boss from Chengdu, Sichuan food is very authentic'"
中,,Cupertino,,Lei Garden,,"10125 Bandley Dr, Cupertino, CA 95014",Cantonese dim sum/seafood,普通话/粤语,Cantonese dim sum/seafood house; website offers poon choi (盆菜) set menus
中,,Cupertino,,Liang's Village,,"20530 Stevens Creek Blvd, Cupertino, CA 95014",Taiwanese,普通话,Well-known Taiwanese spot (also called Liang's Mama)
中,,Cupertino,,Liukoushui Chongqing Noodles,流口水,"19052 Stevens Creek Blvd, Cupertino, CA 95014",Chongqing noodles/malatang,普通话,Chongqing noodle/malatang shop (name is a pinyin Chinese name)
中,,Cupertino,,Mr. Ma's Kitchen,,"10118 Bandley Dr Ste A, Cupertino, CA 95014",Sichuan cold noodles/takeout,普通话,"Owner-run takeout (reviews mention the boss); dandan noodles, chili-oil chicken"
中,,Cupertino,,Ping's Bistro,,"10700 S De Anza Blvd, Cupertino, CA 95014",Yunnan,普通话,Yunnan cuisine (mushroom dishes)
中,,Cupertino,,QQ Noodle,,"10889 S Blaney Ave, Cupertino, CA 95014",Taiwanese/Sichuan handmade noodles,普通话,Handmade-noodle shop; reviews use Chinese spice terms (少辣); cash only
中,,Cupertino,,Qing Shu Malatang & Nai Brother Fish,,"10445 S De Anza Blvd Unit 105, Cupertino, CA 95014 (EatUp! by 99 Ranch)",Malatang/Sichuan pickled fish,普通话,China-style malatang + pickled fish in the 99 Ranch food court
中,,Cupertino,,Red Hot Wok,,"10074 E Estates Dr, Cupertino, CA 95014",Taiwanese home-style,普通话,Taiwanese family-style; reviews say it tastes nostalgic for Taiwan
中,,Cupertino,,Shanghai Bun Dynasty,,"19634 Stevens Creek Blvd, Cupertino, CA 95014",Shanghainese,普通话,"Shanghai XLB, pan-fried buns, rice cakes; Chinese-run"
中,,Cupertino,,Shihlin Taiwan Street Snacks,士林,"10445 S De Anza Blvd Ste 102, Cupertino, CA 95014 (EatUp! by 99 Ranch)",Taiwanese street food,普通话,Taiwanese chain (popcorn chicken) in the 99 Ranch food court
中,,Cupertino,,Special Noodle Soup,,"10275 S De Anza Blvd, Cupertino, CA 95014",Chiu Chow (Teochew) noodles/Hainan chicken,普通话/粤语,"Chiu Chow broth, oyster pancake, Hainan chicken"
中,,Cupertino,,Taiwan Porridge Kingdom,小劉清粥,"20956 Homestead Rd Ste A1, Cupertino, CA 95014",Taiwanese porridge,普通话,Chinese name on OSM; open 20+ years; reviews compare it to Chinatown service
中,,Cupertino,,Wei's Fish,,"10520 S De Anza Blvd, Cupertino, CA 95014",Sichuan pickled-cabbage fish,普通话,Sichuan pickled-cabbage fish soup shop
中,,Cupertino,,XLB Kitchen,,"10235 S De Anza Blvd, Cupertino, CA 95014",Shanghainese/Sichuan,普通话,"Owner usually on site; XLB, chili oil wontons"
中,,Los Altos,,Chef Chu's,,"1067 N San Antonio Rd, Los Altos, CA 94022",Chinese (Mandarin/Cantonese),普通话/粤语,Family-run by Chef Lawrence Chu since 1970
中,,Milpitas,,Cheung Hing Restaurant,祥興,"1235 E Calaveras Blvd, Milpitas, CA 95035",Cantonese BBQ/dim sum,普通话/粤语,Cantonese roast-meat house; reviews: 'Authentic Cantonese food'; Chinese menu (珍珠糯米鸡)
中,,Milpitas,,Chili Garden,,"278 Barber Ct, Milpitas, CA 95035",Sichuan,普通话,Sichuan; Chinese menu (山城麻辣海鲜锅); 'the owner is genuinely so nice'
中,,Milpitas,,China Rose,,"387 Jacklin Rd Suite 3225, Milpitas, CA 95035",Cantonese/Shanghai,普通话/粤语,Family-run Chinese; owner accommodates low-salt/no-MSG requests; reviewer 'born and raised in China' regular
中,,Milpitas,,Darda Seafood Restaurant,清真達達海鮮館,"296 Barber Ct, Milpitas, CA 95035",Chinese Islamic (halal) northern,普通话,Long-standing Hui/halal Chinese restaurant; 'Islamic Chinese decorations'
中,,Milpitas,,HL Peninsula Restaurant - Milpitas,半島豪庭,"136 Ranch Dr, Milpitas, CA 95035",Cantonese dim sum/seafood,普通话/粤语,"HK-style dim sum chain; menu items in Chinese (潮式粉果, 酥皮流沙包); Chinese-name reviews"
中,,Milpitas,,Highland Noodles,,"1720 N Milpitas Blvd, Milpitas, CA 95035",Lanzhou/Northwest noodles,普通话,Chinese menu (兰州牛肉拉面); Ulferts Center
中,,Milpitas,,Hometown Kitchen,,"1245 Jacklin Rd, Milpitas, CA 95035",Hunan,普通话,Hunan (Xiang) cuisine; Chinese menu (蒸手工湖南烧麦)
中,,Milpitas,,Hui Lau Shan,许留山,"288 Barber Ct, Milpitas, CA 95035",Hong Kong desserts,普通话/粤语,HK dessert chain branch in Milpitas Square
中,,Milpitas,,Jin Gege & Yao Yao,,"516 Barber Ln, Milpitas, CA 95035","HK-style/Cantonese, Sichuan, Shanghai",普通话/粤语,HK-style Chinese; iPad ordering with Chinese-English translation noted by reviewer
中,,Milpitas,,Jun Bistro,,"290 Barber Ct, Milpitas, CA 95035",Yunnan,普通话,Yunnan mushroom hot pot; Chinese menu (菌子一锅鲜)
中,,Milpitas,,Mayflower Seafood Restaurant,五月花海鮮酒家,"428 Barber Ln, Milpitas, CA 95035",Cantonese dim sum/seafood,普通话/粤语,"Long-running Cantonese seafood/dim sum house in Milpitas Square; Chinese menu (蝦餃, 芝麻球)"
中,,Milpitas,,More Than Bento,,"682 Barber Ln, Milpitas, CA 95035",Shanghainese snacks/wontons,普通话,"Shanghai-style desserts & wontons; Chinese menu (香卤鸭脖, 卤汁花生)"
中,,Milpitas,,Mr. Hello Luosifen,,"190 Ranch Dr, Milpitas, CA 95035",Guangxi luosifen,普通话,Guangxi luosifen/laoyou noodles (mainland regional)
中,,Milpitas,,New Hwong Kok Restaurant,新旺角,"1705 N Milpitas Blvd, Milpitas, CA 95035",Cantonese dim sum/BBQ deli,普通话/粤语,HK-style dim sum deli (Ulferts Center); listing notes 'popular among native Chinese customers'
中,,Milpitas,,Ocean Pearl Restaurant,,"206 Barber Ct, Milpitas, CA 95035",Cantonese,普通话/粤语,Cantonese-style Chinese restaurant in Milpitas Square
中,,Milpitas,,Shancheng Lameizi,山城辣妹子,"286 Barber Ct, Milpitas, CA 95035",Chongqing/Sichuan hot pot,普通话,Chongqing hot pot; Chinese menu (辣妹九宫格)
中,,Milpitas,,Shanghai Delight,,"218 Barber Ct, Milpitas, CA 95035",Shanghainese,普通话,Shanghai-style; Chinese menu (鱼香茄子)
中,,Milpitas,,Shihlin Taiwan Street Snacks,士林台湾小吃,"522 Barber Ln, Milpitas, CA 95035",Taiwanese snacks,普通话,"Taiwanese chain; Chinese menu (鹽酥雞, 超大雞腿排)"
中,,Milpitas,,Special Noodle,四姐,"402 Barber Ln, Milpitas, CA 95035",Chinese noodles/dumplings,普通话,"四姐 Special Noodle chain; Chinese menu (四姐冰花煎饺, 红汤牛肉面)"
中,,Milpitas,,Taiwan Cafe,,"568 N Abel St, Milpitas, CA 95035",Taiwanese,普通话,"Taiwanese street food; Chinese menu (五更腸旺, 肉羹麵, 萬巒豬腳)"
中,,Milpitas,,Taiwan Porridge,,"1706 N Milpitas Blvd, Milpitas, CA 95035",Taiwanese porridge,普通话,Taiwanese congee & small plates; Chinese menu (腸旺)
中,,Milpitas,,Taste Good Beijing Cuisine,,"76 S Abel St, Milpitas, CA 95035",Beijing/northern,普通话,Beijing-style; Chinese menu (京酱肉丝)
中,,Milpitas,,The Bento Box,,"228 Barber Ct, Milpitas, CA 95035",Taiwanese bento,普通话,"'Authentic Taiwanese food', friendly owner"
中,,Milpitas,,The Rice House,,"678 Barber Ln, Milpitas, CA 95035",Cantonese claypot rice,普通话/粤语,"Claypot rice; Chinese dish names (北菇滑鸡煲仔饭, 金牌臘味煲仔飯)"
中,,Milpitas,,Xian Kitchen,,"300 Barber Ct, Milpitas, CA 95035",Xi'an/Shaanxi,普通话,Xi'an food; reviews cite 大盘鸡 and biangbiang面
中,,Milpitas,,YGF Malatang,杨国福麻辣烫,"540 Barber Ln, Milpitas, CA 95035",Malatang,普通话,Branch of mainland Chinese chain 杨国福
中,,Milpitas,,Yin Ji Chang Fen - Milpitas,银记肠粉,"1832 N Milpitas Blvd, Milpitas, CA 95035",Cantonese rice-noodle rolls,普通话/粤语,Guangzhou chang fen chain (mainland brand); Chinese-owned
中,,Milpitas,,Yuan Bistro,,"42 Dixon Rd, Milpitas, CA 95035",Northern/Northeastern & Hunan,普通话,Dongbei/northern Chinese; Chinese menu (湘味木盆啤酒鸭)
中,,Mountain View,,China Wok Restaurant,松竹楼,"2633 California St, Mountain View, CA 94040",Chinese,普通话,湾区华人资讯网中文商家目录收录中文店名
中,,Mountain View,,Fu Lam Mum,富临门,"153 Castro St, Mountain View, CA 94041",HK Cantonese/dim sum,普通话/粤语,Traditional HK Cantonese restaurant per reviews
中,,Mountain View,,Garden Fresh,,"1245 W El Camino Real, Mountain View, CA 94040",Chinese vegan,普通话,Chinese-language review praises owner (老闆超級親切)
中,,Mountain View,,Happy Lamb Hot Pot,快乐小羊,"102 Castro St, Mountain View, CA 94041",Mongolian hot pot (China chain),普通话,China-based hot pot chain
中,,Mountain View,,Joyous Cuisine,兰亭序,"124 Castro St, Mountain View, CA 94041",Chinese noodles/regional,普通话,湾区华人资讯网中文商家目录收录中文店名; listing also shows 花溪王 山野美食 (name may have changed)
中,,Mountain View,,Kusan Bazaar (Silk Road Grill & Noodles),龟兹集市,"634 N San Antonio Rd, Mountain View, CA 94040",Xinjiang/Uyghur,普通话,Chinese name on listing; Milpitas branch in Chinese directory
中,,Palo Alto,,Chef Zhao Kitchen,,"2180 W Bayshore Rd Ste 120, Palo Alto, CA 94303",Shanghainese/Sichuan,普通话,Sister of Chef Zhao Bistro (老赵川菜馆)
中,,Palo Alto,,Tai Pan,,"560 Waverley St, Palo Alto, CA 94301",Cantonese dim sum,普通话/粤语,Reviews: 'truly authentic Cantonese cuisine'
中,,San Jose,West SJ (Saratoga Ave/Westgate),575 Miishien,,"840 El Paseo de Saratoga, San Jose, CA 95130",Yunnan crossing-bridge rice noodles,普通话,Chinese rice noodle shop
中,,San Jose,South SJ (Cambrian),7 Noodle & Sizzling,,"3617 Union Ave, San Jose, CA 95124",Taiwanese night-market food,普通话,Taiwanese night-market style
中,,San Jose,South SJ (Blossom Valley/Almaden),Big Fish Chinese Cafe,大魚飯店,"1659 Branham Ln Ste I, San Jose, CA 95118","Chinese (homemade noodles, dumplings)",普通话,Chinese name on listing
中,,San Jose,West SJ (De Anza/Westgate),DH Noodles & Grill,敦煌兰州牛肉拉面,"1183 S De Anza Blvd Ste 60, San Jose, CA 95129",Lanzhou hand-pulled beef noodles,普通话,Chinese name on listing/signage
中,,San Jose,West SJ (Saratoga Ave/Westgate),Danacious Dumplings,Dana包子铺,"375 Saratoga Ave Ste M, San Jose, CA 95129",Northern Chinese buns & dumplings,普通话,Chinese name on listing; Chinese decor
中,,San Jose,North San Jose,Dough Zone Dumpling House (North SJ),,"1701 Lundy Ave #100, San Jose, CA 95131",Dumplings / xiao long bao,普通话,Chinese-founded dumpling chain
中,,San Jose,South SJ (Blossom Valley/Almaden),Dough Zone Dumpling House (South SJ),,"5130 Cherry Ave #30, San Jose, CA 95118",Dumplings / xiao long bao,普通话,Chinese-founded dumpling chain
中,,San Jose,East SJ (Story Rd/Senter),Dynasty Chinese Cuisine,,"1001 Story Rd, San Jose, CA 95122",Cantonese dim sum (carts),粤语,Traditional cart dim sum hall
中,,San Jose,Evergreen,East Lake Chinese Restaurant and Dim Sum,東湖海鮮酒家,"2850 Quimby Rd Ste 130, San Jose, CA 95148",Cantonese seafood & dim sum,普通话/粤语,Chinese name on listing; long-time Cantonese restaurant
中,,San Jose,North San Jose,Flaming Ox,,"1085 E Brokaw Rd Ste 40, San Jose, CA 95131",Taiwanese beef noodle,普通话,Taiwanese cuisine
中,,San Jose,West SJ (De Anza/Westgate),Fuji Huoshao & Dumpling,,"6184 Bollinger Rd, San Jose, CA 95129",Northern Chinese huoshao & dumplings,普通话,Northern Chinese specialty shop (restaurantguru)
中,,San Jose,South SJ (Blossom Valley/Almaden),Golden House Restaurant,,"7108 Santa Teresa Blvd, San Jose, CA 95139",Hong Kong-style Chinese,粤语,Reviews describe HK-style Chinese food
中,,San Jose,West SJ (De Anza/Westgate),Golden Palace Restaurant,,"1146 S De Anza Blvd, San Jose, CA 95129",Cantonese dim sum & seafood,普通话/粤语,"Classic Cantonese menu, 'Hong Kong feel' per reviews"
中,,San Jose,West SJ (De Anza/Westgate),Grand Dynasty Chinese Seafood Restaurant,,"6164 Bollinger Rd, San Jose, CA 95129",Cantonese seafood & dim sum,普通话/粤语,Chinese banquet/dim sum restaurant
中,,San Jose,Downtown,Home Eat,汉家宴,"88 S 4th St Ste 150, San Jose, CA 95112","Northern Chinese/Taiwanese home-style, dumplings",普通话,Chinese name 汉家宴 on listing; Chinese-owned South Bay mini-chain
中,,San Jose,West SJ (De Anza/Westgate),Hunan Impression,,"5152 Moorpark Ave Ste 30, San Jose, CA 95129",Hunan,普通话,Authentic Hunan cuisine
中,,San Jose,Downtown,Hunan Taste Restaurant,,"998 N 4th St, San Jose, CA 95112",Hunan,普通话,Family Hunan recipes
中,,San Jose,North San Jose,Jade Cathay Chinese Restaurant,,"1339 N First St, San Jose, CA 95112",Cantonese dim sum,粤语,Reviews: authentic Cantonese dim sum
中,,San Jose,North San Jose,Joyheart Cafe,,"1344 Ridder Park Dr, San Jose, CA 95131",Taiwanese cafe,普通话,Sells merchandise from Taiwan per reviews
中,,San Jose,North San Jose,Kingwuu,,"1715 Lundy Ave #162, San Jose, CA 95131",Chinese braised duck neck deli (lu wei),普通话,Menu items listed in Chinese (黑鸭脖)
中,,San Jose,West SJ (De Anza/Westgate),LeShan Beef,,"1072 S De Anza Blvd B103, San Jose, CA 95129",Sichuan (Leshan qiaojiao beef),普通话,"Reviews list dishes in Chinese (跷脚牛肉, 毛血旺); authentic Sichuan"
中,,San Jose,Evergreen,New Hwong Kok,,"2854 S White Rd, San Jose, CA 95148",Hong Kong dim sum & bakery,粤语,HK-style dim sum/bakery (also Milpitas branch)
中,,San Jose,South SJ (Blossom Valley/Almaden),Ocean Delight,,"5400 Monterey Rd, San Jose, CA 95111",Cantonese dim sum,粤语,Cantonese dim sum restaurant
中,,San Jose,West SJ (De Anza/Westgate),Shang Cafe,,"6154 Bollinger Rd, San Jose, CA 95129",Sichuan,普通话,"Reviews: authentic Chinese, decor 'how Chinese people would decorate'"
中,,San Jose,Berryessa,Shihlin Taiwan Street Snacks (Berryessa),士林,"1477 Berryessa Rd Ste 30, San Jose, CA 95133",Taiwanese street snacks,普通话,Taiwan-origin chain
中,,San Jose,South SJ (Blossom Valley/Almaden),Shihlin Taiwan Street Snacks (Oakridge),士林,"925 Blossom Hill Rd Ste 1390, San Jose, CA 95123",Taiwanese street snacks,普通话,Taiwan-origin chain
中,,San Jose,West SJ (De Anza/Westgate),Soong Soong Restaurant,,"3680 Stevens Creek Blvd, San Jose, CA 95117",Northern/Northeastern Chinese,普通话,"Reviews: authentic northern Chinese, Dongbei suan cai soup"
中,,San Jose,West SJ (De Anza/Westgate),Special Noodle (Si Jie),四姐 Special Noodle,"1530 S De Anza Blvd, San Jose, CA 95129",Chinese noodles,普通话,Chinese name on listing
中,,San Jose,West SJ (Saratoga Ave/Westgate),SweetHome Kitchen,,"1312 Saratoga Ave, San Jose, CA 95129",Chinese home-style,普通话,Family-run authentic Chinese
中,,San Jose,North San Jose,Tai Kee Wonton,,"2092 Concourse Dr Ste 1, San Jose, CA 95131",Taiwanese wonton & street food,普通话,Taiwanese wonton shop
中,,San Jose,West SJ (Saratoga Ave/Westgate),Tai Pan Dim Sum (Saratoga Ave),,"477 Saratoga Ave, San Jose, CA 95129",Cantonese dim sum & bakery (takeout),粤语,Classic Cantonese takeout dim sum
中,,San Jose,East SJ (Story Rd/Senter),Tai Pan Dim Sum (Story Rd),,"1070 Story Rd, San Jose, CA 95122",Cantonese dim sum & BBQ,粤语,Cantonese dim sum/BBQ
中,,San Jose,Willow Glen,Taiwan Restaurant,,"1306 Lincoln Ave, San Jose, CA 95125",Taiwanese/Chinese,普通话,Long-running Taiwanese-Chinese restaurant
中,,San Jose,West SJ (De Anza/Westgate),Top Cafe,,"1075 S De Anza Blvd, San Jose, CA 95129",Hong Kong-style cafe (cha chaan teng),粤语,"Reviews: HK movies and news on the TVs, HK-style menu"
中,,San Jose,North San Jose,WuJi's Mala House,,"1715 Lundy Ave Ste 100, San Jose, CA 95131",Sichuan mala hot pot,普通话,Old-school mala hot pot
中,,San Jose,Berryessa,Yami Bowl,,"1710 Berryessa Rd Ste 110, San Jose, CA 95133",Northeastern Chinese BBQ skewers,普通话,"Reviews: new owners, Northeastern Chinese skewers"
中,,San Jose,South SJ (Blossom Valley/Almaden),Yummy Kitchen,闻香居,"1711 Branham Ln #A9, San Jose, CA 95118",Sichuan,普通话,Chinese name on listing; reviews praise the owner
中,,Santa Clara,,Cooking Cooking (fmr Cooking Papa),好煮意(旧名),"2830 Homestead Rd, Santa Clara, CA 95051",HK-style Cantonese/BBQ,粤语,Review: 'many of its guests speak GuangDongnese'; former Cooking Papa 好煮意 in Chinese directory
中,,Santa Clara,,Friendship BBQ,,"2783 El Camino Real, Santa Clara, CA 95051",Chinese skewers (Northeast),普通话,Chinese-owned chain of Chinese BBQ skewers
中,,Santa Clara,,Orange Square,橘子堂,"2605 Homestead Rd, Santa Clara, CA 95051",Taiwanese,普通话,湾区华人资讯网中文商家目录收录中文店名 (Cupertino branch)
中,,Santa Clara,,Stick & Wok,藏山越,"2855 Stevens Creek Blvd #2329 (Westfield Valley Fair, L2), Santa Clara, CA 95050",Chinese,普通话,Chinese name on listing (restaurantji)
中,,Sunnyvale,,Asia Village Restaurant,,"747 S Wolfe Rd, Sunnyvale, CA 94086",Cantonese,普通话/粤语,Long-running Cantonese restaurant; listed in Chinese directory
中,,Sunnyvale,,Bento Express,,"1677 Hollenbeck Ave, Sunnyvale, CA 94087",Taiwanese bento,普通话,Taiwanese bento shop in Chinese plaza (Hollenbeck)
中,,Sunnyvale,,Dim Sum King,,"824 W El Camino Real, Sunnyvale, CA 94087",Cantonese dim sum,普通话/粤语,Cantonese dim sum shop
中,,Sunnyvale,,Ding's Kitchen,,"876 Old San Francisco Rd, Sunnyvale, CA 94086",Taiwanese/Sichuan,普通话,Taiwanese/Sichuan menu; same site as former 台湾小调
中,,Sunnyvale,,Famous Food Chinese Restaurant,,"872 Old San Francisco Rd, Sunnyvale, CA 94086",Cantonese/Chinese,普通话/粤语,Cantonese-style Chinese restaurant; Reddit recs
中,,Sunnyvale,,Gobi Mongolian BBQ,汉中美食,"1135 Tasman Dr, Sunnyvale, CA 94089",Mongolian BBQ/Chinese,普通话,湾区华人资讯网中文商家目录收录中文店名 (汉中美食)
中,,Sunnyvale,,Hunan Mifen (Lawrence),,"1149 Lawrence Expy, Sunnyvale, CA 94089",Hunan rice noodles,普通话,Mainland Hunan rice-noodle shop; Chinese name on signage/listings
中,,Sunnyvale,,King Wah Chinese Restaurant,,"219 E Washington Ave, Sunnyvale, CA 94086",Cantonese-American,粤语,Family-run since 1987; clay pot/chow fun menu; in Chinese directory
中,,Sunnyvale,,Mumu Hot Pot,木木火锅,"1273 Lawrence Station Rd, Sunnyvale, CA 94089",Hot pot,普通话,湾区华人资讯网中文商家目录收录中文店名 (Foster City branch)
中,,Sunnyvale,,New Port Dim Sum and Chinese Food,,"1686 S Wolfe Rd, Sunnyvale, CA 94087",Cantonese dim sum/seafood,普通话/粤语,Cantonese seafood/dim sum house (former 半岛酒家 site)
中,,Sunnyvale,,Saigon Seafood Harbor,西贡渔港,"1135 N Lawrence Expy, Sunnyvale, CA 94089",Cantonese dim sum/seafood,普通话/粤语,湾区华人资讯网中文商家目录收录中文店名 (广东菜)
中,,Sunnyvale,,Seapot Hot Pot & Bar,,"740 E El Camino Real, Sunnyvale, CA 94087",Taiwanese hot pot,普通话,Taiwanese-style hot pot
低,,Campbell,,Best Taste Chinese Restaurant,,"2360 S Bascom Ave, Campbell, CA 95008",Chinese-American,普通话,Family-operated Chinese restaurant for 20+ years; language not confirmed
低,,Campbell,,Blue Sky,,"2028 S Winchester Blvd, Campbell, CA 95008",Chinese-American,普通话,Chinese family restaurant for 12+ years; language not confirmed
低,,Campbell,,Dough Zone Dumpling House (Pruneyard),,"1875 S Bascom Ave, Campbell, CA 95008",Chinese dumplings/noodles,普通话,Chinese dumpling chain; listed in OSM at the Pruneyard; staff language not confirmed
低,,Campbell,,Oriental Garden Restaurant,,"2895 S Bascom Ave, Campbell, CA 95008",Chinese-American,普通话,Chinese-American menu; language not confirmed
低,,Cupertino,,Beijing BBQ,,"20916 Homestead Rd, Cupertino, CA 95014",Northern Chinese BBQ skewers,普通话,Northern Chinese skewers and tofu-skin dishes
低,,Cupertino,,Dough Zone Dumpling House,,"19600 Vallco Pkwy Unit 130, Cupertino, CA 95014",Chinese dumplings/noodles,普通话,Chinese dumpling chain; staff language not confirmed
低,,Los Gatos,,Shangri-La,,"784 Blossom Hill Rd, Los Gatos, CA 95032",Chinese-American,普通话,Long-running Chinese-American restaurant; language not confirmed
低,,Los Gatos,,Taba Taba China Bistro,,"20 S Santa Cruz Ave, Los Gatos, CA 95030",Chinese-American,普通话,Chinese bistro in downtown Los Gatos; language not confirmed
低,,Los Gatos,,Tea Garden Chinese Restaurant,,"14030 Blossom Hill Rd, Los Gatos, CA 95032",Chinese-American takeout,普通话,"Chinese takeout, new management; language not confirmed"
低,,Milpitas,,Asiana Restaurant,,"775 E Capitol Ave, Milpitas, CA 95035",Chinese-Vietnamese,粤语,Chinese-Vietnamese cuisine; inferred
低,,Milpitas,,Luu New Tung Kee Noodle,,"481 E Calaveras Blvd, Milpitas, CA 95035",Chiu Chow/Vietnamese-Chinese noodles,粤语/潮州话,Teochew-Vietnamese Chinese noodle house (Tung Kee lineage); inferred
低,,Milpitas,,Orange Square Milpitas,,"1790 Milmont Dr, Milpitas, CA 95035",Taiwanese,普通话,Categorized Taiwanese (beef brisket square); no Chinese-language evidence found
低,,Milpitas,,Shihlin Taiwan Street Snacks (Great Mall),士林台湾小吃,"447 Great Mall Dr (Food Court Entry #4), Milpitas, CA 95035",Taiwanese snacks,普通话,Great Mall food-court branch of Taiwanese chain
低,,Milpitas,,TK Noodle,,"1687 N Milpitas Blvd, Milpitas, CA 95035",Teochew/Vietnamese-Chinese noodles,粤语/潮州话,Chinese-Vietnamese noodle soup; inferred
低,,Milpitas,,Yin Tang Spicy Hot Pot,,"278 Barber Ct, Milpitas, CA 95035",Sichuan hot pot,普通话,Traditional Sichuan hot pot; reviewer says it eased homesickness on China business trip; few reviews
低,,Mountain View,,Eaping Fresh Chinese,,"1040 Grant Rd Ste 100, Mountain View, CA 94040",Chinese,普通话,Chinese takeout
低,,Mountain View,,Mr. Bao Kitchen,,"357 Castro St Unit 3A, Mountain View, CA 94041",Chinese buns/dumplings,普通话,Chinese bao shop
低,,Mountain View,,Seasons Noodles & Dumplings Garden,,"702 Villa St, Mountain View, CA 94041",Noodles/dumplings,普通话,Chinese noodle/dumpling shop
低,,Palo Alto,,Dumpling Hours,,"530 Bryant St, Palo Alto, CA 94301",Dumplings/dim sum,普通话,Chinese dumpling shop
低,,Palo Alto,,O2 Valley,,"452 University Ave, Palo Alto, CA 94301",Taiwanese,普通话,Taiwanese restaurant
低,,San Jose,Evergreen,Evergreen Panda Restaurant,,"3230 S White Rd, San Jose, CA 95148",Chinese-American,普通话/粤语,Family-owned Chinese restaurant
低,,San Jose,Downtown,Kusan Uyghur Cuisine,,"1516 N 4th St, San Jose, CA 95112",Uyghur / Xinjiang,普通话 (维吾尔语),Uyghur staff often speak Mandarin (inference)
低,,San Jose,West SJ (Saratoga Ave/Westgate),May Flower Restaurant,,"1080 Saratoga Ave, San Jose, CA 95129",Chinese,普通话/粤语,Long-standing Chinese restaurant
低,,San Jose,North San Jose,New Tung Kee Noodle,,"1098 E Brokaw Rd Ste 30, San Jose, CA 95131",Chiu Chow / Chinese-Vietnamese noodles,粤语/潮州话,Chiu Chow-style noodle house
低,,San Jose,Downtown,Serious Dumpling,,"49 N San Pedro St, San Jose, CA 95110",Dumplings & noodles,普通话,Chinese dumpling shop
低,,San Jose,Evergreen,Tai Pan Restaurant,,"1031 County Hwy G21, San Jose, CA 95121",Chinese BBQ & dim sum deli,粤语,Roast meats/dim sum deli; may be Chinese-Vietnamese
低,,San Jose,East SJ (Story Rd/Senter),Uncle Quan's Kitchen,,"2893 Senter Rd Ste D, San Jose, CA 95111",Cantonese BBQ / roast meats,粤语,Roast duck/char siu shop; may be Chinese-Vietnamese
低,,Santa Clara,,Din Tai Fung (Valley Fair),鼎泰豐,"2855 Stevens Creek Blvd Ste 1259, Santa Clara, CA 95050",Taiwanese dumplings,普通话,Taiwanese chain; weak inference for staff language
低,,Santa Clara,,Lock Chun Restaurant,,"4495 Stevens Creek Blvd, Santa Clara, CA 95051",Chinese,粤语,Long-running family Chinese restaurant
低,,Santa Clara,,Shihlin Taiwan Street Snacks,士林,"Valley Fair Food Court, 2855 Stevens Creek Blvd, Santa Clara, CA 95050",Taiwanese snacks,普通话,Taiwanese chain
低,,Santa Clara,,Yum Noodles,,"5223 Stevens Creek Blvd, Santa Clara, CA 95051",Chinese noodles,普通话,Chinese noodle shop
低,,Saratoga,,Hong's Gourmet,,"14510 Big Basin Way #9, Saratoga, CA 95070",Chinese-American,普通话,Chinese-American menu; staff language not confirmed
低,,Sunnyvale,,Joy Wok,喜福园(旧名),"494 N Mathilda Ave, Sunnyvale, CA 94086",Chinese,普通话,Same address as former 喜福园 Chef Young's Garden in Chinese directory
低,,Sunnyvale,,Wok's On Express (Tien Fu 2),,"156 W El Camino Real, Sunnyvale, CA 94087",Chinese-American,普通话,Listed in Chinese directory; Chinese-owned takeout
