英文名,中文名,城市,地址,原因
Chef Zhao Bistro,老赵川菜馆,Mountain View,"400 Moffett Blvd, Mountain View, CA 94043",Google Maps 标注 Permanently closed
Dumpling Garden,水饺颐院,Mountain View,"108A N Rengstorff Ave, Mountain View, CA 94043",Google Maps 标注 Permanently closed
JX Cuisine,川鲁人家,Santa Clara,"3581 Homestead Rd, Santa Clara, CA 95051",Google Maps 标注 Permanently closed
Darda Express,一条龙快餐,Sunnyvale,"1211 S Mary Ave, Sunnyvale, CA 94087",Google Maps 上已搜不到，原地址现为其他商家
Fu Niu Tang Noodle Talk,福牛堂,Sunnyvale,"711 Sunnyvale Saratoga Rd, Sunnyvale, CA 94087",Google Maps 标注 Permanently closed
Shanghai Flavor Shop,上海生煎包,Sunnyvale,"888 Old San Francisco Rd, Sunnyvale, CA 94086",Google Maps 标注 Permanently closed
Beijing Duck House,北京鸭屋,Cupertino,"10883B S Blaney Ave, Cupertino, CA 95014",Google Maps 标注 Permanently closed
Yeung Shing,,Los Gatos,"14107 S Winchester Blvd, Los Gatos, CA 95032",Google Maps 标注 Permanently closed
Loulan,楼兰小馆,San Jose,"1901 Las Plumas Ave Ste 30, San Jose, CA 95133",Google Maps 上已搜不到，原地址现为其他商家
Taiwan Taste,,Saratoga,"12172 Saratoga Sunnyvale Rd, Saratoga, CA 95070",Google Maps 标注 Permanently closed
