0,244 State St,Los Altos,CA,94022
1,471 Saratoga Ave,San Jose,CA,95129
2,1219 Wildwood Ave,Sunnyvale,CA,94089
3,10869 N Wolfe Rd,Cupertino,CA,95014
4,20803 Stevens Creek Blvd,Cupertino,CA,95014
5,10445 S De Anza Blvd,Cupertino,CA,95014
6,10118 Bandley Dr,Cupertino,CA,95014
7,10495 S De Anza Blvd,Cupertino,CA,95014
8,19409 Stevens Creek Blvd,Cupertino,CA,95014
9,19062 Stevens Creek Blvd,Cupertino,CA,95014
10,20588 Stevens Creek Blvd,Cupertino,CA,95014
11,10911 N Wolfe Rd,Cupertino,CA,95014
12,19369 Stevens Creek Blvd,Cupertino,CA,95014
13,20956 Homestead Rd,Cupertino,CA,95014
14,19389 Stevens Creek Blvd,Cupertino,CA,95014
15,20956 Homestead Rd,Cupertino,CA,95014
16,10935 N Wolfe Rd,Cupertino,CA,95014
17,10745 S De Anza Blvd,Cupertino,CA,95014
18,10477 S De Anza Blvd,Cupertino,CA,95014
19,20371 Stevens Creek Blvd,Cupertino,CA,95014
20,19672 Stevens Creek Blvd,Cupertino,CA,95014
21,10893 N Wolfe Rd,Cupertino,CA,95014
22,4546 El Camino Real,Los Altos,CA,94022
23,496 Barber Ln,Milpitas,CA,95035
24,1678 N Milpitas Blvd,Milpitas,CA,95035
25,1726 N Milpitas Blvd,Milpitas,CA,95035
26,605 Great Mall Dr,Milpitas,CA,95035
27,768 Barber Ln,Milpitas,CA,95035
28,510 Barber Ln,Milpitas,CA,95035
29,550 Barber Ln,Milpitas,CA,95035
30,438 Barber Ln,Milpitas,CA,95035
31,222 Barber Ct,Milpitas,CA,95035
32,400 Moffett Blvd,Mountain View,CA,94043
33,108A N Rengstorff Ave,Mountain View,CA,94043
34,134 Castro St,Mountain View,CA,94041
35,1350 Grant Rd,Mountain View,CA,94040
36,485 Castro St,Mountain View,CA,94041
37,841 Villa St,Mountain View,CA,94041
38,273 Castro St,Mountain View,CA,94041
39,246 Castro St,Mountain View,CA,94041
40,3781 El Camino Real,Palo Alto,CA,94306
41,3487 El Camino Real,Palo Alto,CA,94306
42,3691 El Camino Real,Palo Alto,CA,94306
43,151 California Ave,Palo Alto,CA,94306
44,423 University Ave,Palo Alto,CA,94301
45,1698 Hostetter Rd,San Jose,CA,95131
46,925 Blossom Hill Rd,San Jose,CA,95123
47,1199 S De Anza Blvd,San Jose,CA,95129
48,2070 N Capitol Ave,San Jose,CA,95132
49,1183 S De Anza Blvd,San Jose,CA,95129
50,1143 Story Rd,San Jose,CA,95122
51,2702 Augustine Dr,Santa Clara,CA,95054
52,2110 El Camino Real,Santa Clara,CA,95050
53,5075 Stevens Creek Blvd,Santa Clara,CA,95051
54,3927 Rivermark Plaza,Santa Clara,CA,95054
55,3581 Homestead Rd,Santa Clara,CA,95051
56,2725 El Camino Real,Santa Clara,CA,95051
57,2640 Homestead Rd,Santa Clara,CA,95051
58,2135 El Camino Real,Santa Clara,CA,95050
59,1146 W El Camino Real,Sunnyvale,CA,94087
60,1211 S Mary Ave,Sunnyvale,CA,94087
61,623 Caliente Dr,Sunnyvale,CA,94085
62,562 S Murphy Ave,Sunnyvale,CA,94086
63,673 Grape Ave,Sunnyvale,CA,94087
64,101 S Murphy Ave,Sunnyvale,CA,94086
65,1669 Hollenbeck Ave,Sunnyvale,CA,94087
66,711 Sunnyvale Saratoga Rd,Sunnyvale,CA,94087
67,122 S Sunnyvale Ave,Sunnyvale,CA,94086
68,592 E El Camino Real,Sunnyvale,CA,94087
69,927 E Arques Ave,Sunnyvale,CA,94085
70,1661 Hollenbeck Ave,Sunnyvale,CA,94087
71,1129 N Lawrence Expy,Sunnyvale,CA,94089
72,888 Old San Francisco Rd,Sunnyvale,CA,94086
73,1115 Tasman Dr,Sunnyvale,CA,94089
74,573 E El Camino Real,Sunnyvale,CA,94087
75,10885 N Wolfe Rd,Cupertino,CA,95014
76,10883B S Blaney Ave,Cupertino,CA,95014
77,10118A Bandley Dr,Cupertino,CA,95014
78,19541 Richwood Dr,Cupertino,CA,95014
79,19620 Stevens Creek Blvd,Cupertino,CA,95014
80,10895 S Blaney Ave,Cupertino,CA,95014
81,10851 N Wolfe Rd,Cupertino,CA,95014
82,10125 Bandley Dr,Cupertino,CA,95014
83,20530 Stevens Creek Blvd,Cupertino,CA,95014
84,19052 Stevens Creek Blvd,Cupertino,CA,95014
85,10118 Bandley Dr,Cupertino,CA,95014
86,10700 S De Anza Blvd,Cupertino,CA,95014
87,10889 S Blaney Ave,Cupertino,CA,95014
88,10445 S De Anza Blvd,Cupertino,CA,95014
89,10074 E Estates Dr,Cupertino,CA,95014
90,19634 Stevens Creek Blvd,Cupertino,CA,95014
91,10445 S De Anza Blvd,Cupertino,CA,95014
92,10275 S De Anza Blvd,Cupertino,CA,95014
93,20956 Homestead Rd,Cupertino,CA,95014
94,10520 S De Anza Blvd,Cupertino,CA,95014
95,10235 S De Anza Blvd,Cupertino,CA,95014
96,1067 N San Antonio Rd,Los Altos,CA,94022
97,14107 S Winchester Blvd,Los Gatos,CA,95032
98,1235 E Calaveras Blvd,Milpitas,CA,95035
99,278 Barber Ct,Milpitas,CA,95035
100,387 Jacklin Rd,Milpitas,CA,95035
101,296 Barber Ct,Milpitas,CA,95035
102,136 Ranch Dr,Milpitas,CA,95035
103,1720 N Milpitas Blvd,Milpitas,CA,95035
104,1245 Jacklin Rd,Milpitas,CA,95035
105,288 Barber Ct,Milpitas,CA,95035
106,516 Barber Ln,Milpitas,CA,95035
107,290 Barber Ct,Milpitas,CA,95035
108,428 Barber Ln,Milpitas,CA,95035
109,682 Barber Ln,Milpitas,CA,95035
110,190 Ranch Dr,Milpitas,CA,95035
111,1705 N Milpitas Blvd,Milpitas,CA,95035
112,206 Barber Ct,Milpitas,CA,95035
113,286 Barber Ct,Milpitas,CA,95035
114,218 Barber Ct,Milpitas,CA,95035
115,522 Barber Ln,Milpitas,CA,95035
116,402 Barber Ln,Milpitas,CA,95035
117,568 N Abel St,Milpitas,CA,95035
118,1706 N Milpitas Blvd,Milpitas,CA,95035
119,76 S Abel St,Milpitas,CA,95035
120,228 Barber Ct,Milpitas,CA,95035
121,678 Barber Ln,Milpitas,CA,95035
122,300 Barber Ct,Milpitas,CA,95035
123,540 Barber Ln,Milpitas,CA,95035
124,1832 N Milpitas Blvd,Milpitas,CA,95035
125,42 Dixon Rd,Milpitas,CA,95035
126,2633 California St,Mountain View,CA,94040
127,153 Castro St,Mountain View,CA,94041
128,1245 W El Camino Real,Mountain View,CA,94040
129,102 Castro St,Mountain View,CA,94041
130,124 Castro St,Mountain View,CA,94041
131,634 N San Antonio Rd,Mountain View,CA,94040
132,2180 W Bayshore Rd,Palo Alto,CA,94303
133,560 Waverley St,Palo Alto,CA,94301
134,840 El Paseo de Saratoga,San Jose,CA,95130
135,3617 Union Ave,San Jose,CA,95124
136,1659 Branham Ln,San Jose,CA,95118
137,1183 S De Anza Blvd,San Jose,CA,95129
138,375 Saratoga Ave,San Jose,CA,95129
139,1701 Lundy Ave,San Jose,CA,95131
140,5130 Cherry Ave,San Jose,CA,95118
141,1001 Story Rd,San Jose,CA,95122
142,2850 Quimby Rd,San Jose,CA,95148
143,1085 E Brokaw Rd,San Jose,CA,95131
144,6184 Bollinger Rd,San Jose,CA,95129
145,7108 Santa Teresa Blvd,San Jose,CA,95139
146,1146 S De Anza Blvd,San Jose,CA,95129
147,6164 Bollinger Rd,San Jose,CA,95129
148,88 S 4th St,San Jose,CA,95112
149,5152 Moorpark Ave,San Jose,CA,95129
150,998 N 4th St,San Jose,CA,95112
151,1339 N First St,San Jose,CA,95112
152,1344 Ridder Park Dr,San Jose,CA,95131
153,1715 Lundy Ave,San Jose,CA,95131
154,1072 S De Anza Blvd B103,San Jose,CA,95129
155,1901 Las Plumas Ave,San Jose,CA,95133
156,2854 S White Rd,San Jose,CA,95148
157,5400 Monterey Rd,San Jose,CA,95111
158,6154 Bollinger Rd,San Jose,CA,95129
159,1477 Berryessa Rd,San Jose,CA,95133
160,925 Blossom Hill Rd,San Jose,CA,95123
161,3680 Stevens Creek Blvd,San Jose,CA,95117
162,1530 S De Anza Blvd,San Jose,CA,95129
163,1312 Saratoga Ave,San Jose,CA,95129
164,2092 Concourse Dr,San Jose,CA,95131
165,477 Saratoga Ave,San Jose,CA,95129
166,1070 Story Rd,San Jose,CA,95122
167,1306 Lincoln Ave,San Jose,CA,95125
168,1075 S De Anza Blvd,San Jose,CA,95129
169,1715 Lundy Ave,San Jose,CA,95131
170,1710 Berryessa Rd,San Jose,CA,95133
171,1711 Branham Ln,San Jose,CA,95118
172,2830 Homestead Rd,Santa Clara,CA,95051
173,2783 El Camino Real,Santa Clara,CA,95051
174,2605 Homestead Rd,Santa Clara,CA,95051
176,12172 Saratoga Sunnyvale Rd,Saratoga,CA,95070
177,747 S Wolfe Rd,Sunnyvale,CA,94086
178,1677 Hollenbeck Ave,Sunnyvale,CA,94087
179,824 W El Camino Real,Sunnyvale,CA,94087
180,876 Old San Francisco Rd,Sunnyvale,CA,94086
181,872 Old San Francisco Rd,Sunnyvale,CA,94086
182,1135 Tasman Dr,Sunnyvale,CA,94089
183,1149 Lawrence Expy,Sunnyvale,CA,94089
184,219 E Washington Ave,Sunnyvale,CA,94086
185,1273 Lawrence Station Rd,Sunnyvale,CA,94089
186,1686 S Wolfe Rd,Sunnyvale,CA,94087
187,1135 N Lawrence Expy,Sunnyvale,CA,94089
188,740 E El Camino Real,Sunnyvale,CA,94087
189,2360 S Bascom Ave,Campbell,CA,95008
190,2028 S Winchester Blvd,Campbell,CA,95008
191,1875 S Bascom Ave,Campbell,CA,95008
192,2895 S Bascom Ave,Campbell,CA,95008
193,20916 Homestead Rd,Cupertino,CA,95014
194,19600 Vallco Pkwy,Cupertino,CA,95014
195,784 Blossom Hill Rd,Los Gatos,CA,95032
196,20 S Santa Cruz Ave,Los Gatos,CA,95030
197,14030 Blossom Hill Rd,Los Gatos,CA,95032
198,775 E Capitol Ave,Milpitas,CA,95035
199,481 E Calaveras Blvd,Milpitas,CA,95035
200,1790 Milmont Dr,Milpitas,CA,95035
201,447 Great Mall Dr,Milpitas,CA,95035
202,1687 N Milpitas Blvd,Milpitas,CA,95035
203,278 Barber Ct,Milpitas,CA,95035
204,1040 Grant Rd,Mountain View,CA,94040
205,357 Castro St,Mountain View,CA,94041
206,702 Villa St,Mountain View,CA,94041
207,530 Bryant St,Palo Alto,CA,94301
208,452 University Ave,Palo Alto,CA,94301
209,3230 S White Rd,San Jose,CA,95148
210,1516 N 4th St,San Jose,CA,95112
211,1080 Saratoga Ave,San Jose,CA,95129
212,1098 E Brokaw Rd,San Jose,CA,95131
213,49 N San Pedro St,San Jose,CA,95110
214,1031 County Hwy G21,San Jose,CA,95121
215,2893 Senter Rd,San Jose,CA,95111
216,2855 Stevens Creek Blvd,Santa Clara,CA,95050
217,4495 Stevens Creek Blvd,Santa Clara,CA,95051
218,2855 Stevens Creek Blvd,Santa Clara,CA,95050
219,5223 Stevens Creek Blvd,Santa Clara,CA,95051
220,14510 Big Basin Way,Saratoga,CA,95070
221,494 N Mathilda Ave,Sunnyvale,CA,94086
222,156 W El Camino Real,Sunnyvale,CA,94087
