"110","190 Ranch Dr, Milpitas, CA, 95035","Match","Exact","190 RANCH DR, MILPITAS, CA, 95035","-121.91942156454,37.42897397892","653162243","L"
"111","1705 N Milpitas Blvd, Milpitas, CA, 95035","Match","Exact","1705 N MILPITAS BLVD, MILPITAS, CA, 95035","-121.911189860831,37.455778192447","640600767","L"
"112","206 Barber Ct, Milpitas, CA, 95035","Match","Exact","206 BARBER CT, MILPITAS, CA, 95035","-121.919056090972,37.423739953367","123179762","L"
"113","286 Barber Ct, Milpitas, CA, 95035","Match","Exact","286 BARBER CT, MILPITAS, CA, 95035","-121.918924667071,37.423518415959","123179762","L"
"114","218 Barber Ct, Milpitas, CA, 95035","Match","Exact","218 BARBER CT, MILPITAS, CA, 95035","-121.919036377387,37.423706722756","123179762","L"
"115","522 Barber Ln, Milpitas, CA, 95035","Match","Exact","522 BARBER LN, MILPITAS, CA, 95035","-121.917199455403,37.420559408463","123179765","R"
"116","402 Barber Ln, Milpitas, CA, 95035","Match","Exact","402 BARBER LN, MILPITAS, CA, 95035","-121.917746772238,37.421481143855","123179765","R"
"117","568 N Abel St, Milpitas, CA, 95035","Match","Exact","568 N ABEL ST, MILPITAS, CA, 95035","-121.910557715764,37.435925652917","123173595","R"
"118","1706 N Milpitas Blvd, Milpitas, CA, 95035","Match","Exact","1706 N MILPITAS BLVD, MILPITAS, CA, 95035","-121.910802524266,37.454855760742","639663854","R"
"119","76 S Abel St, Milpitas, CA, 95035","Match","Exact","76 S ABEL ST, MILPITAS, CA, 95035","-121.908620605851,37.429099384657","123158557","L"
"10","20588 Stevens Creek Blvd, Cupertino, CA, 95014","Match","Exact","20588 STEVENS CREEK BLVD, CUPERTINO, CA, 95014","-122.034620959118,37.322750847862","123176782","L"
"11","10911 N Wolfe Rd, Cupertino, CA, 95014","No_Match"
"12","19369 Stevens Creek Blvd, Cupertino, CA, 95014","Match","Exact","19369 STEVENS CREEK BLVD, CUPERTINO, CA, 95014","-122.009167783949,37.323087295133","618174080","L"
"13","20956 Homestead Rd, Cupertino, CA, 95014","Match","Non_Exact","20956 W HOMESTEAD RD, CUPERTINO, CA, 95014","-122.040055873817,37.337522724695","650284368","L"
"14","19389 Stevens Creek Blvd, Cupertino, CA, 95014","Match","Exact","19389 STEVENS CREEK BLVD, CUPERTINO, CA, 95014","-122.009934566116,37.323087295188","618174080","L"
"15","20956 Homestead Rd, Cupertino, CA, 95014","Match","Non_Exact","20956 W HOMESTEAD RD, CUPERTINO, CA, 95014","-122.040055873817,37.337522724695","650284368","L"
"16","10935 N Wolfe Rd, Cupertino, CA, 95014","No_Match"
"17","10745 S De Anza Blvd, Cupertino, CA, 95014","Match","Exact","10745 S DE ANZA BLVD, CUPERTINO, CA, 95014","-122.032372410713,37.312807594759","619778997","R"
"18","10477 S De Anza Blvd, Cupertino, CA, 95014","Match","Exact","10477 S DE ANZA BLVD, CUPERTINO, CA, 95014","-122.032424568656,37.316224294501","122940294","R"
"19","20371 Stevens Creek Blvd, Cupertino, CA, 95014","Match","Exact","20371 STEVENS CREEK BLVD, CUPERTINO, CA, 95014","-122.029191829989,37.323027282134","618174012","L"
"120","228 Barber Ct, Milpitas, CA, 95035","Match","Exact","228 BARBER CT, MILPITAS, CA, 95035","-121.919019949399,37.42367903058","123179762","L"
"0","244 State St, Los Altos, CA, 94022","Match","Exact","244 STATE ST, LOS ALTOS, CA, 94022","-122.116860420356,37.379460237396","122953213","R"
"121","678 Barber Ln, Milpitas, CA, 95035","Match","Exact","678 BARBER LN, MILPITAS, CA, 95035","-121.916484348021,37.419363226328","123179765","R"
"1","471 Saratoga Ave, San Jose, CA, 95129","Match","Exact","471 SARATOGA AVE, SAN JOSE, CA, 95129","-121.973746538672,37.318694547197","612438864","L"
"122","300 Barber Ct, Milpitas, CA, 95035","Match","Exact","300 BARBER CT, MILPITAS, CA, 95035","-121.918901667889,37.423479646913","123179762","L"
"2","1219 Wildwood Ave, Sunnyvale, CA, 94089","Match","Exact","1219 WILDWOOD AVE, SUNNYVALE, CA, 94089","-121.994198905798,37.391370005432","636547884","L"
"123","540 Barber Ln, Milpitas, CA, 95035","Match","Exact","540 BARBER LN, MILPITAS, CA, 95035","-121.917117357878,37.420421148154","123179765","R"
"3","10869 N Wolfe Rd, Cupertino, CA, 95014","No_Match"
"124","1832 N Milpitas Blvd, Milpitas, CA, 95035","Match","Exact","1832 N MILPITAS BLVD, MILPITAS, CA, 95035","-121.911224700216,37.456613407319","640600767","R"
"4","20803 Stevens Creek Blvd, Cupertino, CA, 95014","No_Match"
"125","42 Dixon Rd, Milpitas, CA, 95035","Match","Exact","42 DIXON RD, MILPITAS, CA, 95035","-121.910647110307,37.457717937972","122958729","R"
"5","10445 S De Anza Blvd, Cupertino, CA, 95014","Match","Exact","10445 S DE ANZA BLVD, CUPERTINO, CA, 95014","-122.032427861151,37.316671279106","122940294","R"
"126","2633 California St, Mountain View, CA, 94040","Match","Exact","2633 CALIFORNIA ST, MOUNTAIN VIEW, CA, 94040","-122.111676205769,37.406236520971","614028925","L"
"6","10118 Bandley Dr, Cupertino, CA, 95014","Match","Exact","10118 BANDLEY DR, CUPERTINO, CA, 95014","-122.034371801396,37.324515468822","636426732","R"
"127","153 Castro St, Mountain View, CA, 94041","Match","Exact","153 CASTRO ST, MOUNTAIN VIEW, CA, 94041","-122.078522184474,37.394194346147","122978211","L"
"7","10495 S De Anza Blvd, Cupertino, CA, 95014","Match","Exact","10495 S DE ANZA BLVD, CUPERTINO, CA, 95014","-122.032422828428,37.315972851644","122940294","R"
"128","1245 W El Camino Real, Mountain View, CA, 94040","Match","Exact","1245 W EL CAMINO REAL, MOUNTAIN VIEW, CA, 94040","-122.088951490187,37.388083883873","638228203","L"
"8","19409 Stevens Creek Blvd, Cupertino, CA, 95014","Match","Exact","19409 STEVENS CREEK BLVD, CUPERTINO, CA, 95014","-122.01132585039,37.322947275606","657499798","R"
"129","102 Castro St, Mountain View, CA, 94041","Match","Exact","102 CASTRO ST, MOUNTAIN VIEW, CA, 94041","-122.078311483936,37.394999473005","122955254","R"
"9","19062 Stevens Creek Blvd, Cupertino, CA, 95014","Match","Exact","19062 STEVENS CREEK BLVD, CUPERTINO, CA, 95014","-122.005723553548,37.322892698242","122941935","L"
"20","19672 Stevens Creek Blvd, Cupertino, CA, 95014","Match","Exact","19672 STEVENS CREEK BLVD, CUPERTINO, CA, 95014","-122.016333769135,37.322802719273","122940630","L"
"21","10893 N Wolfe Rd, Cupertino, CA, 95014","No_Match"
"22","4546 El Camino Real, Los Altos, CA, 94022","Match","Exact","4546 EL CAMINO REAL, LOS ALTOS, CA, 94022","-122.117240117214,37.403632168792","614027652","R"
"23","496 Barber Ln, Milpitas, CA, 95035","Match","Exact","496 BARBER LN, MILPITAS, CA, 95035","-121.917318040718,37.420759117798","123179765","R"
"24","1678 N Milpitas Blvd, Milpitas, CA, 95035","Match","Exact","1678 N MILPITAS BLVD, MILPITAS, CA, 95035","-121.910721457532,37.454478467619","122958808","L"
"25","1726 N Milpitas Blvd, Milpitas, CA, 95035","Match","Exact","1726 N MILPITAS BLVD, MILPITAS, CA, 95035","-121.910880273173,37.455167113762","639663854","R"
"26","605 Great Mall Dr, Milpitas, CA, 95035","Match","Exact","605 GREAT MALL DR, MILPITAS, CA, 95035","-121.896196830112,37.418870385518","653166645","R"
"27","768 Barber Ln, Milpitas, CA, 95035","Match","Exact","768 BARBER LN, MILPITAS, CA, 95035","-121.91606426945,37.418675576","123179765","R"
"28","510 Barber Ln, Milpitas, CA, 95035","Match","Exact","510 BARBER LN, MILPITAS, CA, 95035","-121.917254187087,37.420651582002","123179765","R"
"29","550 Barber Ln, Milpitas, CA, 95035","Match","Exact","550 BARBER LN, MILPITAS, CA, 95035","-121.917071748142,37.420344336871","123179765","R"
"130","124 Castro St, Mountain View, CA, 94041","Match","Exact","124 CASTRO ST, MOUNTAIN VIEW, CA, 94041","-122.078566970405,37.394597660194","122955250","R"
"131","634 N San Antonio Rd, Mountain View, CA, 94040","Match","Non_Exact","634 SAN ANTONIO RD, MOUNTAIN VIEW, CA, 94040","-122.112732678374,37.402889643772","614029517","L"
"132","2180 W Bayshore Rd, Palo Alto, CA, 94303","Match","Exact","2180 W BAYSHORE RD, PALO ALTO, CA, 94303","-122.128392219496,37.45270616505","192412511","R"
"133","560 Waverley St, Palo Alto, CA, 94301","Match","Exact","560 WAVERLEY ST, PALO ALTO, CA, 94301","-122.159567221566,37.446503822861","640731876","R"
"134","840 El Paseo de Saratoga, San Jose, CA, 95130","No_Match"
"135","3617 Union Ave, San Jose, CA, 95124","Match","Exact","3617 UNION AVE, SAN JOSE, CA, 95124","-121.931471145347,37.261462558659","122920839","R"
"136","1659 Branham Ln, San Jose, CA, 95118","Match","Exact","1659 BRANHAM LN, SAN JOSE, CA, 95118","-121.906989663863,37.252113875957","123181105","R"
"137","1183 S De Anza Blvd, San Jose, CA, 95129","Match","Exact","1183 S DE ANZA BLVD, SAN JOSE, CA, 95129","-122.032433013503,37.303407535545","122940439","R"
"138","375 Saratoga Ave, San Jose, CA, 95129","Match","Exact","375 SARATOGA AVE, SAN JOSE, CA, 95129","-121.971676031673,37.321157463404","650239983","L"
"139","1701 Lundy Ave, San Jose, CA, 95131","Match","Exact","1701 LUNDY AVE, SAN JOSE, CA, 95131","-121.886883252569,37.388227407436","615534510","L"
"30","438 Barber Ln, Milpitas, CA, 95035","Match","Exact","438 BARBER LN, MILPITAS, CA, 95035","-121.917582577187,37.421204623237","123179765","R"
"31","222 Barber Ct, Milpitas, CA, 95035","Match","Exact","222 BARBER CT, MILPITAS, CA, 95035","-121.919029806191,37.423695645886","123179762","L"
"32","400 Moffett Blvd, Mountain View, CA, 94043","Match","Exact","400 MOFFETT BLVD, MOUNTAIN VIEW, CA, 94043","-122.075377290299,37.398761864358","639650515","L"
"33","108A N Rengstorff Ave, Mountain View, CA, 94043","Match","Non_Exact","108A N RENGSTORFF AVE, MOUNTAIN VIEW, CA, 94043","-122.095236712818,37.406884259865","635859446","L"
"34","134 Castro St, Mountain View, CA, 94041","Match","Exact","134 CASTRO ST, MOUNTAIN VIEW, CA, 94041","-122.078628143309,37.394501737893","122955250","R"
"35","1350 Grant Rd, Mountain View, CA, 94040","No_Match"
"36","485 Castro St, Mountain View, CA, 94041","Match","Exact","485 CASTRO ST, MOUNTAIN VIEW, CA, 94041","-122.08101823166,37.390196452573","122978220","L"
"37","841 Villa St, Mountain View, CA, 94041","Match","Exact","841 VILLA ST, MOUNTAIN VIEW, CA, 94041","-122.07940763199,37.393919311703","122990853","L"
"38","273 Castro St, Mountain View, CA, 94041","No_Match"
"39","246 Castro St, Mountain View, CA, 94041","Match","Exact","246 CASTRO ST, MOUNTAIN VIEW, CA, 94041","-122.079418122231,37.393245299979","122955252","R"
"140","5130 Cherry Ave, San Jose, CA, 95118","No_Match"
"141","1001 Story Rd, San Jose, CA, 95122","Match","Exact","1001 STORY RD, SAN JOSE, CA, 95122","-121.856560278251,37.33084831578","123177350","L"
"142","2850 Quimby Rd, San Jose, CA, 95148","Match","Exact","2850 QUIMBY RD, SAN JOSE, CA, 95148","-121.797829572276,37.325042673402","123170889","R"
"143","1085 E Brokaw Rd, San Jose, CA, 95131","Match","Exact","1085 E BROKAW RD, SAN JOSE, CA, 95131","-121.896341846089,37.382826136044","645506571","L"
"144","6184 Bollinger Rd, San Jose, CA, 95129","Match","Exact","6184 BOLLINGER RD, SAN JOSE, CA, 95129","-122.012435736251,37.310328369513","618174333","L"
"145","7108 Santa Teresa Blvd, San Jose, CA, 95139","Match","Exact","7108 SANTA TERESA BLVD, SAN JOSE, CA, 95139","-121.774346881249,37.22563474676","639656200","L"
"146","1146 S De Anza Blvd, San Jose, CA, 95129","Match","Exact","1146 S DE ANZA BLVD, SAN JOSE, CA, 95129","-122.032181640603,37.305353392299","122940413","L"
"147","6164 Bollinger Rd, San Jose, CA, 95129","Match","Exact","6164 BOLLINGER RD, SAN JOSE, CA, 95129","-122.012262703739,37.310339828163","618174333","L"
"148","88 S 4th St, San Jose, CA, 95112","Match","Exact","88 S 4TH ST, SAN JOSE, CA, 95112","-121.886105493999,37.336030202437","652204790","L"
"149","5152 Moorpark Ave, San Jose, CA, 95129","Match","Exact","5152 MOORPARK AVE, SAN JOSE, CA, 95129","-121.993517217386,37.309446502551","636122489","L"
"40","3781 El Camino Real, Palo Alto, CA, 94306","Match","Exact","3781 EL CAMINO REAL, PALO ALTO, CA, 94306","-122.131687589854,37.417828081632","638083984","R"
"41","3487 El Camino Real, Palo Alto, CA, 94306","Match","Exact","3487 EL CAMINO REAL, PALO ALTO, CA, 94306","-122.134640839259,37.419385203526","618161205","R"
"42","3691 El Camino Real, Palo Alto, CA, 94306","Match","Exact","3691 EL CAMINO REAL, PALO ALTO, CA, 94306","-122.132834784111,37.418409973882","618160957","R"
"43","151 California Ave, Palo Alto, CA, 94306","Match","Non_Exact","151 S CALIFORNIA AVE, PALO ALTO, CA, 94306","-122.143275871097,37.428108957354","647551261","L"
"44","423 University Ave, Palo Alto, CA, 94301","Match","Exact","423 UNIVERSITY AVE, PALO ALTO, CA, 94301","-122.160173889289,37.447436098965","122950313","L"
"45","1698 Hostetter Rd, San Jose, CA, 95131","Match","Exact","1698 HOSTETTER RD, SAN JOSE, CA, 95131","-121.884370379638,37.387740486257","122962820","R"
"46","925 Blossom Hill Rd, San Jose, CA, 95123","Match","Exact","925 BLOSSOM HILL RD, SAN JOSE, CA, 95123","-121.866477635621,37.250466938456","122999403","R"
"47","1199 S De Anza Blvd, San Jose, CA, 95129","No_Match"
"48","2070 N Capitol Ave, San Jose, CA, 95132","Match","Exact","2070 N CAPITOL AVE, SAN JOSE, CA, 95132","-121.886922656067,37.406418312495","122961574","R"
"49","1183 S De Anza Blvd, San Jose, CA, 95129","Match","Exact","1183 S DE ANZA BLVD, SAN JOSE, CA, 95129","-122.032433013503,37.303407535545","122940439","R"
"150","998 N 4th St, San Jose, CA, 95112","Match","Exact","998 N 4TH ST, SAN JOSE, CA, 95112","-121.90145269287,37.356631762619","122906991","R"
"151","1339 N First St, San Jose, CA, 95112","Match","Exact","1339 N 1ST ST, SAN JOSE, CA, 95112","-121.909050323017,37.360638807393","638149240","R"
"152","1344 Ridder Park Dr, San Jose, CA, 95131","Match","Exact","1344 RIDDER PARK DR, SAN JOSE, CA, 95131","-121.901095040813,37.385948823457","123180551","L"
"153","1715 Lundy Ave, San Jose, CA, 95131","Match","Exact","1715 LUNDY AVE, SAN JOSE, CA, 95131","-121.887087412468,37.388467906907","615534510","L"
"154","1072 S De Anza Blvd B103, San Jose, CA, 95129","Match","Non_Exact","1072 S DE ANZA BLVD, SAN JOSE, CA, 95129","-122.03218517474,37.307611559128","123004341","L"
"155","1901 Las Plumas Ave, San Jose, CA, 95133","Match","Exact","1901 LAS PLUMAS AVE, SAN JOSE, CA, 95133","-121.861531329922,37.36503871833","122908383","R"
"156","2854 S White Rd, San Jose, CA, 95148","Match","Exact","2854 S WHITE RD, SAN JOSE, CA, 95148","-121.796555373558,37.323930469677","122916987","L"
"157","5400 Monterey Rd, San Jose, CA, 95111","Match","Non_Exact","5400 MONTEREY HWY, SAN JOSE, CA, 95111","-121.804090947312,37.256889275427","636107303","L"
"158","6154 Bollinger Rd, San Jose, CA, 95129","Match","Exact","6154 BOLLINGER RD, SAN JOSE, CA, 95129","-122.012176187483,37.310345557488","618174333","L"
"159","1477 Berryessa Rd, San Jose, CA, 95133","No_Match"
"50","1143 Story Rd, San Jose, CA, 95122","Match","Exact","1143 STORY RD, SAN JOSE, CA, 95122","-121.853739667789,37.332741061623","618195557","L"
"51","2702 Augustine Dr, Santa Clara, CA, 95054","Match","Exact","2702 AUGUSTINE DR, SANTA CLARA, CA, 95054","-121.973966160184,37.382278620911","614032666","L"
"52","2110 El Camino Real, Santa Clara, CA, 95050","Match","Exact","2110 EL CAMINO REAL, SANTA CLARA, CA, 95050","-121.961328983971,37.352220845324","616958828","L"
"53","5075 Stevens Creek Blvd, Santa Clara, CA, 95051","Match","Exact","5075 STEVENS CREEK BLVD, SANTA CLARA, CA, 95051","-121.99194484186,37.323177956853","639675164","L"
"54","3927 Rivermark Plaza, Santa Clara, CA, 95054","No_Match"
"55","3581 Homestead Rd, Santa Clara, CA, 95051","Match","Exact","3581 HOMESTEAD RD, SANTA CLARA, CA, 95051","-121.993974323723,37.337921237307","657509779","R"
"56","2725 El Camino Real, Santa Clara, CA, 95051","Match","Exact","2725 EL CAMINO REAL, SANTA CLARA, CA, 95051","-121.976048022679,37.352497293035","614038005","L"
"57","2640 Homestead Rd, Santa Clara, CA, 95051","Match","Exact","2640 HOMESTEAD RD, SANTA CLARA, CA, 95051","-121.973361720549,37.339433363027","638614532","L"
"58","2135 El Camino Real, Santa Clara, CA, 95050","Match","Exact","2135 EL CAMINO REAL, SANTA CLARA, CA, 95050","-121.961559439377,37.352487275631","633871676","L"
"59","1146 W El Camino Real, Sunnyvale, CA, 94087","Match","Exact","1146 W EL CAMINO REAL, SUNNYVALE, CA, 94087","-122.054498003067,37.37320180238","122936830","L"
"160","925 Blossom Hill Rd, San Jose, CA, 95123","Match","Exact","925 BLOSSOM HILL RD, SAN JOSE, CA, 95123","-121.866477635621,37.250466938456","122999403","R"
"161","3680 Stevens Creek Blvd, San Jose, CA, 95117","Match","Exact","3680 STEVENS CREEK BLVD, SAN JOSE, CA, 95117","-121.965652470316,37.323082713124","123015868","L"
"162","1530 S De Anza Blvd, San Jose, CA, 95129","Match","Exact","1530 S DE ANZA BLVD, SAN JOSE, CA, 95129","-122.032186954914,37.295937878336","123014362","L"
"163","1312 Saratoga Ave, San Jose, CA, 95129","Match","Exact","1312 SARATOGA AVE, SAN JOSE, CA, 95129","-121.981887206791,37.300557801937","122900715","L"
"164","2092 Concourse Dr, San Jose, CA, 95131","Match","Exact","2092 CONCOURSE DR, SAN JOSE, CA, 95131","-121.888894152106,37.397104674074","122961865","R"
"165","477 Saratoga Ave, San Jose, CA, 95129","Match","Exact","477 SARATOGA AVE, SAN JOSE, CA, 95129","-121.9737987377,37.318633364711","612438864","L"
"166","1070 Story Rd, San Jose, CA, 95122","Match","Exact","1070 STORY RD, SAN JOSE, CA, 95122","-121.854182231198,37.332293197393","618195557","R"
"167","1306 Lincoln Ave, San Jose, CA, 95125","Match","Exact","1306 LINCOLN AVE, SAN JOSE, CA, 95125","-121.898362089977,37.304895297014","122909514","L"
"168","1075 S De Anza Blvd, San Jose, CA, 95129","Match","Exact","1075 S DE ANZA BLVD, SAN JOSE, CA, 95129","-122.032329870857,37.307771458174","123004341","R"
"169","1715 Lundy Ave, San Jose, CA, 95131","Match","Exact","1715 LUNDY AVE, SAN JOSE, CA, 95131","-121.887087412468,37.388467906907","615534510","L"
"60","1211 S Mary Ave, Sunnyvale, CA, 94087","Match","Exact","1211 S MARY AVE, SUNNYVALE, CA, 94087","-122.050622096286,37.354644186954","618171062","R"
"61","623 Caliente Dr, Sunnyvale, CA, 94085","Match","Exact","623 CALIENTE DR, SUNNYVALE, CA, 94085","-122.013477880408,37.39112175975","122957257","L"
"62","562 S Murphy Ave, Sunnyvale, CA, 94086","Match","Exact","562 S MURPHY AVE, SUNNYVALE, CA, 94086","-122.032543245731,37.369289148513","122938200","L"
"63","673 Grape Ave, Sunnyvale, CA, 94087","Match","Exact","673 GRAPE AVE, SUNNYVALE, CA, 94087","-122.053286017785,37.371687231908","122936885","R"
"64","101 S Murphy Ave, Sunnyvale, CA, 94086","Match","Exact","101 S MURPHY AVE, SUNNYVALE, CA, 94086","-122.029928151677,37.377559224495","122957068","R"
"65","1669 Hollenbeck Ave, Sunnyvale, CA, 94087","Match","Exact","1669 HOLLENBECK AVE, SUNNYVALE, CA, 94087","-122.041571080732,37.339588172246","614039838","R"
"66","711 Sunnyvale Saratoga Rd, Sunnyvale, CA, 94087","Match","Exact","711 SUNNYVALE SARATOGA RD, SUNNYVALE, CA, 94087","-122.032407321062,37.366784523901","640656204","R"
"67","122 S Sunnyvale Ave, Sunnyvale, CA, 94086","Match","Exact","122 S SUNNYVALE AVE, SUNNYVALE, CA, 94086","-122.028830640122,37.376858186857","618167580","L"
"68","592 E El Camino Real, Sunnyvale, CA, 94087","Match","Exact","592 E EL CAMINO REAL, SUNNYVALE, CA, 94087","-122.038946993046,37.369420802076","647570071","L"
"69","927 E Arques Ave, Sunnyvale, CA, 94085","Match","Exact","927 E ARQUES AVE, SUNNYVALE, CA, 94085","-122.007896092056,37.381007288786","640593686","L"
"170","1710 Berryessa Rd, San Jose, CA, 95133","Match","Exact","1710 BERRYESSA RD, SAN JOSE, CA, 95133","-121.873838459387,37.373140715783","615526704","R"
"171","1711 Branham Ln, San Jose, CA, 95118","Match","Exact","1711 BRANHAM LN, SAN JOSE, CA, 95118","-121.909461202861,37.251460056601","657517878","R"
"172","2830 Homestead Rd, Santa Clara, CA, 95051","Match","Exact","2830 HOMESTEAD RD, SANTA CLARA, CA, 95051","-121.977114246609,37.338230233413","639680902","L"
"173","2783 El Camino Real, Santa Clara, CA, 95051","Match","Exact","2783 EL CAMINO REAL, SANTA CLARA, CA, 95051","-121.97716872596,37.352497293115","614038005","L"
"174","2605 Homestead Rd, Santa Clara, CA, 95051","Match","Exact","2605 HOMESTEAD RD, SANTA CLARA, CA, 95051","-121.972675889911,37.339776113268","638614532","R"
"176","12172 Saratoga Sunnyvale Rd, Saratoga, CA, 95070","Match","Exact","12172 SARATOGA SUNNYVALE RD, SARATOGA, CA, 95070","-122.032159559513,37.291884810129","614042766","R"
"177","747 S Wolfe Rd, Sunnyvale, CA, 94086","Match","Exact","747 S WOLFE RD, SUNNYVALE, CA, 94086","-122.014134885127,37.365628415982","635859406","L"
"178","1677 Hollenbeck Ave, Sunnyvale, CA, 94087","Match","Exact","1677 HOLLENBECK AVE, SUNNYVALE, CA, 94087","-122.041572085313,37.339064905654","614039838","R"
"179","824 W El Camino Real, Sunnyvale, CA, 94087","Match","Exact","824 W EL CAMINO REAL, SUNNYVALE, CA, 94087","-122.041870066375,37.370194226184","618169117","L"
"70","1661 Hollenbeck Ave, Sunnyvale, CA, 94087","Match","Exact","1661 HOLLENBECK AVE, SUNNYVALE, CA, 94087","-122.041566211468,37.340111003232","614039838","R"
"71","1129 N Lawrence Expy, Sunnyvale, CA, 94089","Match","Non_Exact","1129 LAWRENCE EXPY, SUNNYVALE, CA, 94089","-121.995879201421,37.397031566475","633867901","R"
"72","888 Old San Francisco Rd, Sunnyvale, CA, 94086","Match","Exact","888 OLD SAN FRANCISCO RD, SUNNYVALE, CA, 94086","-122.015558580211,37.366545334973","122938486","R"
"73","1115 Tasman Dr, Sunnyvale, CA, 94089","Match","Exact","1115 TASMAN DR, SUNNYVALE, CA, 94089","-122.010211489615,37.402751766122","123020101","R"
"74","573 E El Camino Real, Sunnyvale, CA, 94087","Match","Exact","573 E EL CAMINO REAL, SUNNYVALE, CA, 94087","-122.025565786513,37.362464992714","657499302","L"
"75","10885 N Wolfe Rd, Cupertino, CA, 95014","No_Match"
"76","10883B S Blaney Ave, Cupertino, CA, 95014","Match","Non_Exact","10883B S BLANEY AVE, CUPERTINO, CA, 95014","-122.02321200915,37.31092554571","618196805","R"
"77","10118A Bandley Dr, Cupertino, CA, 95014","Match","Non_Exact","10118A BANDLEY DR, CUPERTINO, CA, 95014","-122.034371801396,37.324515468822","636426732","R"
"78","19541 Richwood Dr, Cupertino, CA, 95014","Match","Exact","19541 RICHWOOD DR, CUPERTINO, CA, 95014","-122.014909251633,37.321747225941","619779207","R"
"79","19620 Stevens Creek Blvd, Cupertino, CA, 95014","Match","Exact","19620 STEVENS CREEK BLVD, CUPERTINO, CA, 95014","-122.015603424687,37.322802719221","122940630","L"
"180","876 Old San Francisco Rd, Sunnyvale, CA, 94086","Match","Exact","876 OLD SAN FRANCISCO RD, SUNNYVALE, CA, 94086","-122.015781486283,37.36654785828","122938486","R"
"181","872 Old San Francisco Rd, Sunnyvale, CA, 94086","Match","Exact","872 OLD SAN FRANCISCO RD, SUNNYVALE, CA, 94086","-122.015855697416,37.366548829386","122938486","R"
"182","1135 Tasman Dr, Sunnyvale, CA, 94089","Match","Exact","1135 TASMAN DR, SUNNYVALE, CA, 94089","-122.010216762397,37.402753112509","123020101","R"
"183","1149 Lawrence Expy, Sunnyvale, CA, 94089","Match","Exact","1149 LAWRENCE EXPY, SUNNYVALE, CA, 94089","-121.995891559767,37.397675922309","633867901","R"
"184","219 E Washington Ave, Sunnyvale, CA, 94086","Match","Exact","219 E WASHINGTON AVE, SUNNYVALE, CA, 94086","-122.029060631297,37.375771330772","618167579","L"
"185","1273 Lawrence Station Rd, Sunnyvale, CA, 94089","No_Match"
"186","1686 S Wolfe Rd, Sunnyvale, CA, 94087","Match","Exact","1686 S WOLFE RD, SUNNYVALE, CA, 94087","-122.014089981406,37.3382316016","123001534","L"
"187","1135 N Lawrence Expy, Sunnyvale, CA, 94089","Match","Non_Exact","1135 LAWRENCE EXPY, SUNNYVALE, CA, 94089","-121.995880529552,37.397225410444","633867901","R"
"188","740 E El Camino Real, Sunnyvale, CA, 94087","Match","Exact","740 E EL CAMINO REAL, SUNNYVALE, CA, 94087","-122.019442400304,37.357018865982","657464508","R"
"189","2360 S Bascom Ave, Campbell, CA, 95008","Match","Exact","2360 S BASCOM AVE, CAMPBELL, CA, 95008","-121.931573645512,37.280366184597","123177223","L"
"80","10895 S Blaney Ave, Cupertino, CA, 95014","Match","Exact","10895 S BLANEY AVE, CUPERTINO, CA, 95014","-122.023212009162,37.310814360604","618196805","R"
"81","10851 N Wolfe Rd, Cupertino, CA, 95014","No_Match"
"82","10125 Bandley Dr, Cupertino, CA, 95014","Match","Exact","10125 BANDLEY DR, CUPERTINO, CA, 95014","-122.034772269867,37.32428173744","636426732","L"
"83","20530 Stevens Creek Blvd, Cupertino, CA, 95014","Match","Exact","20530 STEVENS CREEK BLVD, CUPERTINO, CA, 95014","-122.033185189393,37.322743154344","123176782","L"
"84","19052 Stevens Creek Blvd, Cupertino, CA, 95014","Match","Exact","19052 STEVENS CREEK BLVD, CUPERTINO, CA, 95014","-122.005530667822,37.322892698228","122941935","L"
"85","10118 Bandley Dr, Cupertino, CA, 95014","Match","Exact","10118 BANDLEY DR, CUPERTINO, CA, 95014","-122.034371801396,37.324515468822","636426732","R"
"86","10700 S De Anza Blvd, Cupertino, CA, 95014","Match","Non_Exact","10700 N DE ANZA BLVD, CUPERTINO, CA, 95014","-122.03230795298,37.330277292709","618173130","R"
"87","10889 S Blaney Ave, Cupertino, CA, 95014","Match","Exact","10889 S BLANEY AVE, CUPERTINO, CA, 95014","-122.023212009156,37.310869953157","618196805","R"
"88","10445 S De Anza Blvd, Cupertino, CA, 95014","Match","Exact","10445 S DE ANZA BLVD, CUPERTINO, CA, 95014","-122.032427861151,37.316671279106","122940294","R"
"89","10074 E Estates Dr, Cupertino, CA, 95014","Match","Exact","10074 E ESTATES DR, CUPERTINO, CA, 95014","-122.01515255408,37.321897518161","122940631","L"
"190","2028 S Winchester Blvd, Campbell, CA, 95008","Match","Non_Exact","2028 WINCHESTER BLVD, CAMPBELL, CA, 95008","-121.949673160378,37.286622721509","122904705","L"
"191","1875 S Bascom Ave, Campbell, CA, 95008","Match","Exact","1875 S BASCOM AVE, CAMPBELL, CA, 95008","-121.931844062082,37.289724343215","639650667","R"
"192","2895 S Bascom Ave, Campbell, CA, 95008","Match","Exact","2895 S BASCOM AVE, CAMPBELL, CA, 95008","-121.938163038968,37.269592692125","123177240","R"
"193","20916 Homestead Rd, Cupertino, CA, 95014","Match","Non_Exact","20916 W HOMESTEAD RD, CUPERTINO, CA, 95014","-122.03989010406,37.337522724683","650284368","L"
"194","19600 Vallco Pkwy, Cupertino, CA, 95014","No_Match"
"195","784 Blossom Hill Rd, Los Gatos, CA, 95032","No_Match"
"196","20 S Santa Cruz Ave, Los Gatos, CA, 95030","Match","Exact","20 S SANTA CRUZ AVE, LOS GATOS, CA, 95030","-121.98404767665,37.222358614085","122944032","R"
"197","14030 Blossom Hill Rd, Los Gatos, CA, 95032","Match","Exact","14030 BLOSSOM HILL RD, LOS GATOS, CA, 95032","-121.914213743225,37.236182876323","122946371","L"
"198","775 E Capitol Ave, Milpitas, CA, 95035","Match","Exact","775 E CAPITOL AVE, MILPITAS, CA, 95035","-121.889296957631,37.4079052757","122961542","L"
"199","481 E Calaveras Blvd, Milpitas, CA, 95035","Match","Exact","481 E CALAVERAS BLVD, MILPITAS, CA, 95035","-121.898284496096,37.432642883718","640703973","R"
"90","19634 Stevens Creek Blvd, Cupertino, CA, 95014","Match","Exact","19634 STEVENS CREEK BLVD, CUPERTINO, CA, 95014","-122.015800055884,37.322802719235","122940630","L"
"91","10445 S De Anza Blvd, Cupertino, CA, 95014","Match","Exact","10445 S DE ANZA BLVD, CUPERTINO, CA, 95014","-122.032427861151,37.316671279106","122940294","R"
"92","10275 S De Anza Blvd, Cupertino, CA, 95014","Match","Exact","10275 S DE ANZA BLVD, CUPERTINO, CA, 95014","-122.032432023043,37.318911493458","122940277","R"
"93","20956 Homestead Rd, Cupertino, CA, 95014","Match","Non_Exact","20956 W HOMESTEAD RD, CUPERTINO, CA, 95014","-122.040055873817,37.337522724695","650284368","L"
"94","10520 S De Anza Blvd, Cupertino, CA, 95014","Match","Non_Exact","10520 N DE ANZA BLVD, CUPERTINO, CA, 95014","-122.032302770892,37.328550761243","123003721","L"
"95","10235 S De Anza Blvd, Cupertino, CA, 95014","Match","Exact","10235 S DE ANZA BLVD, CUPERTINO, CA, 95014","-122.032434004163,37.319487070791","122940275","R"
"96","1067 N San Antonio Rd, Los Altos, CA, 94022","Match","Exact","1067 N SAN ANTONIO RD, LOS ALTOS, CA, 94022","-122.113714420397,37.400766322995","122953041","R"
"97","14107 S Winchester Blvd, Los Gatos, CA, 95032","Match","Exact","14107 S WINCHESTER BLVD, LOS GATOS, CA, 95032","-121.961169485593,37.262932342247","618176149","L"
"98","1235 E Calaveras Blvd, Milpitas, CA, 95035","Match","Exact","1235 E CALAVERAS BLVD, MILPITAS, CA, 95035","-121.885436077447,37.435519095309","638042633","R"
"99","278 Barber Ct, Milpitas, CA, 95035","Match","Exact","278 BARBER CT, MILPITAS, CA, 95035","-121.918937809461,37.4235405697","123179762","L"
"200","1790 Milmont Dr, Milpitas, CA, 95035","Match","Exact","1790 MILMONT DR, MILPITAS, CA, 95035","-121.916849559576,37.455453860689","648952037","L"
"201","447 Great Mall Dr, Milpitas, CA, 95035","Match","Exact","447 GREAT MALL DR, MILPITAS, CA, 95035","-121.894855067184,37.416427852702","653166645","R"
"202","1687 N Milpitas Blvd, Milpitas, CA, 95035","Match","Exact","1687 N MILPITAS BLVD, MILPITAS, CA, 95035","-121.911153641869,37.455611480026","640600767","L"
"203","278 Barber Ct, Milpitas, CA, 95035","Match","Exact","278 BARBER CT, MILPITAS, CA, 95035","-121.918937809461,37.4235405697","123179762","L"
"204","1040 Grant Rd, Mountain View, CA, 94040","Match","Exact","1040 GRANT RD, MOUNTAIN VIEW, CA, 94040","-122.074167598631,37.379019884151","618167873","R"
"205","357 Castro St, Mountain View, CA, 94041","Match","Exact","357 CASTRO ST, MOUNTAIN VIEW, CA, 94041","-122.079979808778,37.391814778945","614031725","L"
"206","702 Villa St, Mountain View, CA, 94041","Match","Exact","702 VILLA ST, MOUNTAIN VIEW, CA, 94041","-122.077899771387,37.393454996514","618164280","R"
"207","530 Bryant St, Palo Alto, CA, 94301","Match","Exact","530 BRYANT ST, PALO ALTO, CA, 94301","-122.161125921236,37.445526098761","640731881","R"
"208","452 University Ave, Palo Alto, CA, 94301","Match","Exact","452 UNIVERSITY AVE, PALO ALTO, CA, 94301","-122.159797502875,37.44763156092","122950313","R"
"209","3230 S White Rd, San Jose, CA, 95148","Match","Exact","3230 S WHITE RD, SAN JOSE, CA, 95148","-121.792347073597,37.3153718491","122917840","L"
"210","1516 N 4th St, San Jose, CA, 95112","Match","Exact","1516 N 4TH ST, SAN JOSE, CA, 95112","-121.908226063459,37.365724952856","122997478","R"
"211","1080 Saratoga Ave, San Jose, CA, 95129","Match","Exact","1080 SARATOGA AVE, SAN JOSE, CA, 95129","-121.978197822302,37.306061348774","122900751","L"
"212","1098 E Brokaw Rd, San Jose, CA, 95131","Match","Exact","1098 E BROKAW RD, SAN JOSE, CA, 95131","-121.89593589267,37.382690866889","645506571","R"
"213","49 N San Pedro St, San Jose, CA, 95110","Match","Exact","49 N SAN PEDRO ST, SAN JOSE, CA, 95110","-121.893788734395,37.336229066551","652699266","L"
"214","1031 County Hwy G21, San Jose, CA, 95121","No_Match"
"215","2893 Senter Rd, San Jose, CA, 95111","Match","Exact","2893 SENTER RD, SAN JOSE, CA, 95111","-121.838069193411,37.298039560602","122969113","R"
"216","2855 Stevens Creek Blvd, Santa Clara, CA, 95050","Match","Exact","2855 STEVENS CREEK BLVD, SANTA CLARA, CA, 95050","-121.9447788931,37.323415425883","122904148","R"
"217","4495 Stevens Creek Blvd, Santa Clara, CA, 95051","Match","Exact","4495 STEVENS CREEK BLVD, SANTA CLARA, CA, 95051","-121.982181993553,37.323249876614","614041594","L"
"218","2855 Stevens Creek Blvd, Santa Clara, CA, 95050","Match","Exact","2855 STEVENS CREEK BLVD, SANTA CLARA, CA, 95050","-121.9447788931,37.323415425883","122904148","R"
"219","5223 Stevens Creek Blvd, Santa Clara, CA, 95051","Match","Exact","5223 STEVENS CREEK BLVD, SANTA CLARA, CA, 95051","-121.995207986375,37.323157283027","633874506","L"
"220","14510 Big Basin Way, Saratoga, CA, 95070","Match","Exact","14510 BIG BASIN WAY, SARATOGA, CA, 95070","-122.03404971954,37.257182504734","122942785","L"
"100","387 Jacklin Rd, Milpitas, CA, 95035","Match","Exact","387 JACKLIN RD, MILPITAS, CA, 95035","-121.901081239179,37.446537573234","640602695","L"
"221","494 N Mathilda Ave, Sunnyvale, CA, 94086","Match","Non_Exact","494 N MATHILDA AVE, SUNNYVALE, CA, 94085","-122.03030844429,37.389415919848","657474561","L"
"101","296 Barber Ct, Milpitas, CA, 95035","Match","Exact","296 BARBER CT, MILPITAS, CA, 95035","-121.918908239084,37.423490723783","123179762","L"
"222","156 W El Camino Real, Sunnyvale, CA, 94087","Match","Exact","156 W EL CAMINO REAL, SUNNYVALE, CA, 94087","-122.033553061799,37.368193580144","639676694","L"
"102","136 Ranch Dr, Milpitas, CA, 95035","Match","Exact","136 RANCH DR, MILPITAS, CA, 95035","-121.920605793815,37.428007874676","653162243","L"
"103","1720 N Milpitas Blvd, Milpitas, CA, 95035","Match","Exact","1720 N MILPITAS BLVD, MILPITAS, CA, 95035","-121.910856948501,37.455073707856","639663854","R"
"104","1245 Jacklin Rd, Milpitas, CA, 95035","Match","Exact","1245 JACKLIN RD, MILPITAS, CA, 95035","-121.890115213974,37.447273652577","123002936","L"
"105","288 Barber Ct, Milpitas, CA, 95035","Match","Exact","288 BARBER CT, MILPITAS, CA, 95035","-121.918921381474,37.423512877524","123179762","L"
"106","516 Barber Ln, Milpitas, CA, 95035","Match","Exact","516 BARBER LN, MILPITAS, CA, 95035","-121.917226821245,37.420605495232","123179765","R"
"107","290 Barber Ct, Milpitas, CA, 95035","Match","Exact","290 BARBER CT, MILPITAS, CA, 95035","-121.918918095876,37.423507339089","123179762","L"
"108","428 Barber Ln, Milpitas, CA, 95035","Match","Exact","428 BARBER LN, MILPITAS, CA, 95035","-121.917628186924,37.42128143452","123179765","R"
"109","682 Barber Ln, Milpitas, CA, 95035","Match","Exact","682 BARBER LN, MILPITAS, CA, 95035","-121.916465677862,37.419332664091","123179765","R"
